time_s,coil,emf_mV
0.000000,1,-24.2030
0.001450,2,-92.4220
0.002900,1,-12.8440
0.004350,2,-87.0310
0.005800,1,-1.4060
0.007250,2,-81.7500
0.008700,1,10.1250
0.010150,2,-76.0940
0.011600,1,21.5000
0.013050,2,-70.3750
0.014500,1,32.7030
0.015950,2,-64.6250
0.017400,1,44.5310
0.018850,2,-57.8590
0.020300,1,55.3280
0.021750,2,-51.2340
0.023200,1,66.3440
0.024650,2,-44.6410
0.026100,1,77.5000
0.027550,2,-38.2500
0.029000,1,87.6250
0.030450,2,-31.7500
0.031900,1,97.7190
0.033350,2,-24.2340
0.034800,1,108.3440
0.036250,2,-16.6870
0.037700,1,117.8590
0.039150,2,-10.2340
0.040600,1,127.1720
0.042050,2,-3.3280
0.043500,1,135.5630
0.044950,2,4.0000
0.046400,1,144.3750
0.047850,2,11.0000
0.049300,1,152.8440
0.050750,2,18.2190
0.052200,1,160.1090
0.053650,2,25.4690
0.055100,1,167.3130
0.056550,2,32.2660
0.058000,1,174.4220
0.059450,2,38.6560
0.060900,1,180.1880
0.062350,2,45.8280
0.063800,1,186.0000
0.065250,2,52.2340
0.066700,1,191.0780
0.068150,2,58.7500
0.069600,1,196.0000
0.071050,2,64.6560
0.072500,1,199.5160
0.073950,2,70.9380
0.075400,1,202.5470
0.076850,2,77.2030
0.078300,1,205.1090
0.079750,2,82.4380
0.081200,1,207.2340
0.082650,2,87.2340
0.084100,1,209.1090
0.085550,2,92.9380
0.087000,1,209.4690
0.088450,2,97.5940
0.089900,1,209.3280
0.091350,2,102.1090
0.092800,1,208.6560
0.094250,2,106.2500
0.095700,1,207.9060
0.097150,2,109.8910
0.098600,1,205.9060
0.100050,2,113.9530
0.101500,1,203.5000
0.102950,2,116.5310
0.104400,1,200.5470
0.105850,2,119.5160
0.107300,1,197.2810
0.108750,2,122.2500
0.110200,1,192.6720
0.111650,2,123.8750
0.113100,1,188.3280
0.114550,2,125.6090
0.116000,1,182.9840
0.117450,2,127.5310
0.118900,1,177.0780
0.120350,2,128.0630
0.121800,1,170.7660
0.123250,2,128.7970
0.124700,1,163.9220
0.126150,2,129.5470
0.127600,1,156.5780
0.129050,2,128.8130
0.130500,1,148.2970
0.131950,2,128.1250
0.133400,1,139.9380
0.134850,2,127.6090
0.136300,1,131.5630
0.137750,2,125.7660
0.139200,1,122.6090
0.140650,2,123.8910
0.142100,1,112.5630
0.143550,2,121.4220
0.145000,1,102.8750
0.146450,2,119.0940
0.147900,1,92.5630
0.149350,2,116.3440
0.150800,1,82.3910
0.152250,2,113.3590
0.153700,1,71.7810
0.155150,2,109.4840
0.156600,1,60.5780
0.158050,2,105.8130
0.159500,1,49.3130
0.160950,2,101.5630
0.162400,1,38.3440
0.163850,2,96.8440
0.165300,1,26.6880
0.166750,2,91.7810
0.168200,1,15.9840
0.169650,2,87.2810
0.171100,1,4.4060
0.172550,2,81.2190
0.174000,1,-7.7030
0.175450,2,75.6090
0.176900,1,-18.9840
0.178350,2,69.9530
0.179800,1,-30.2500
0.181250,2,63.5780
0.182700,1,-41.2660
0.184150,2,57.7660
0.185600,1,-53.0310
0.187050,2,51.6410
0.188500,1,-63.3910
0.189950,2,44.8910
0.191400,1,-74.4840
0.192850,2,37.6250
0.194300,1,-85.1410
0.195750,2,31.1410
0.197200,1,-95.1410
0.198650,2,24.0940
0.200100,1,-105.6720
0.201550,2,17.4690
0.203000,1,-115.3280
0.204450,2,9.7030
0.205900,1,-124.3120
0.207350,2,2.9690
0.208800,1,-133.5470
0.210250,2,-3.9840
0.211700,1,-142.2190
0.213150,2,-10.6870
0.214600,1,-150.6250
0.216050,2,-18.1560
0.217500,1,-158.0940
0.218950,2,-25.2030
0.220400,1,-165.4220
0.221850,2,-32.3590
0.223300,1,-171.6250
0.224750,2,-38.6870
0.226200,1,-178.0000
0.227650,2,-45.8750
0.229100,1,-183.4840
0.230550,2,-52.5160
0.232000,1,-189.0160
0.233450,2,-58.7030
0.234900,1,-193.3750
0.236350,2,-65.3590
0.237800,1,-196.9690
0.239250,2,-71.4370
0.240700,1,-200.5620
0.242150,2,-76.5000
0.243600,1,-203.3590
0.245050,2,-82.8750
0.246500,1,-205.4220
0.247950,2,-88.2030
0.249400,1,-206.5000
0.250850,2,-93.1870
0.252300,1,-207.8910
0.253750,2,-98.1870
0.255200,1,-207.9370
0.256650,2,-102.5000
0.258100,1,-207.7030
0.259550,2,-106.5620
0.261000,1,-206.5620
0.262450,2,-109.8750
0.263900,1,-204.7970
0.265350,2,-114.0940
0.266800,1,-202.5310
0.268250,2,-117.4370
0.269700,1,-199.8750
0.271150,2,-120.1410
0.272600,1,-195.9370
0.274050,2,-122.4060
0.275500,1,-192.3280
0.276950,2,-125.1870
0.278400,1,-187.6720
0.279850,2,-126.6410
0.281300,1,-181.6720
0.282750,2,-127.8120
0.284200,1,-176.2340
0.285650,2,-129.4220
0.287100,1,-169.7190
0.288550,2,-129.4060
0.290000,1,-163.0160
0.291450,2,-129.6410
0.292900,1,-155.2660
0.294350,2,-129.5000
0.295800,1,-148.0940
0.297250,2,-128.8910
0.298700,1,-138.8590
0.300150,2,-128.2970
0.301600,1,-130.6410
0.303050,2,-126.4370
0.304500,1,-121.5620
0.305950,2,-125.2340
0.307400,1,-112.2970
0.308850,2,-122.6410
0.310300,1,-101.9530
0.311750,2,-120.5620
0.313200,1,-91.9370
0.314650,2,-117.4690
0.316100,1,-81.7810
0.317550,2,-114.2030
0.319000,1,-70.9220
0.320450,2,-110.8590
0.321900,1,-59.9530
0.323350,2,-106.8910
0.324800,1,-48.7970
0.326250,2,-102.6560
0.327700,1,-37.8750
0.329150,2,-98.1410
0.330600,1,-26.7190
0.332050,2,-92.7810
0.333500,1,-15.3750
0.334950,2,-88.3120
0.336400,1,-3.4060
0.337850,2,-83.2340
0.339300,1,8.2340
0.340750,2,-77.0470
0.342200,1,19.9220
0.343650,2,-71.2660
0.345100,1,31.2030
0.346550,2,-65.6870
0.348000,1,41.8130
0.349450,2,-59.2340
0.350900,1,53.5160
0.352350,2,-52.1870
0.353800,1,63.8910
0.355250,2,-46.0310
0.356700,1,75.1250
0.358150,2,-39.4530
0.359600,1,85.8280
0.361050,2,-32.5000
0.362500,1,96.2030
0.363950,2,-26.1090
0.365400,1,105.9060
0.366850,2,-18.4840
0.368300,1,115.8750
0.369750,2,-11.6870
0.371200,1,125.3750
0.372650,2,-4.4840
0.374100,1,134.3590
0.375550,2,2.6250
0.377000,1,142.8130
0.378450,2,10.0470
0.379900,1,151.5630
0.381350,2,16.5780
0.382800,1,158.7970
0.384250,2,23.8280
0.385700,1,166.0160
0.387150,2,31.1250
0.388600,1,172.7500
0.390050,2,37.7660
0.391500,1,178.7340
0.392950,2,44.4690
0.394400,1,184.4690
0.395850,2,51.2970
0.397300,1,189.8910
0.398750,2,57.6880
0.400200,1,194.5160
0.401650,2,63.9690
0.403100,1,198.8750
0.404550,2,69.8130
0.406000,1,202.2030
0.407450,2,76.1090
0.408900,1,204.4690
0.410350,2,81.4530
0.411800,1,207.1720
0.413250,2,87.0470
0.414700,1,208.2500
0.416150,2,92.1560
0.417600,1,209.1090
0.419050,2,96.7500
0.420500,1,209.8910
0.421950,2,101.2660
0.423400,1,209.3750
0.424850,2,105.4220
0.426300,1,208.2660
0.427750,2,109.3910
0.429200,1,206.4060
0.430650,2,113.3590
0.432100,1,204.4220
0.433550,2,116.5780
0.435000,1,201.6410
0.436450,2,119.6410
0.437900,1,197.9220
0.439350,2,122.0630
0.440800,1,194.1250
0.442250,2,123.9690
0.443700,1,189.8440
0.445150,2,125.6720
0.446600,1,184.1720
0.448050,2,127.0780
0.449500,1,178.8440
0.450950,2,128.3750
0.452400,1,171.7190
0.453850,2,128.5160
0.455300,1,164.6250
0.456750,2,129.1560
0.458200,1,157.7340
0.459650,2,129.0000
0.461100,1,149.7340
0.462550,2,128.2340
0.464000,1,140.8750
0.465450,2,127.4530
0.466900,1,132.7660
0.468350,2,126.2810
0.469800,1,123.7970
0.471250,2,124.6560
0.472700,1,114.7970
0.474150,2,121.9380
0.475600,1,104.8130
0.477050,2,119.5470
0.478500,1,94.9690
0.479950,2,116.5630
0.481400,1,83.9060
0.482850,2,113.8130
0.484300,1,73.5310
0.485750,2,110.3440
0.487200,1,62.7030
0.488650,2,106.9530
0.490100,1,51.2970
0.491550,2,102.1880
0.493000,1,40.3750
0.494450,2,97.6250
0.495900,1,28.9060
0.497350,2,93.1090
0.498800,1,17.5000
0.500250,2,87.7660
0.501700,1,6.2340
0.503150,2,82.8750
0.504600,1,-5.4220
0.506050,2,76.8910
0.507500,1,-17.0620
0.508950,2,70.5630
0.510400,1,-28.3910
0.511850,2,65.0630
0.513300,1,-39.6410
0.514750,2,59.2030
0.516200,1,-50.5470
0.517650,2,52.3910
0.519100,1,-61.8750
0.520550,2,46.0470
0.522000,1,-72.1410
0.523450,2,39.8440
0.524900,1,-82.8590
0.526350,2,32.6410
0.527800,1,-93.4370
0.529250,2,25.3750
0.530700,1,-103.5160
0.532150,2,18.5160
0.533600,1,-113.5620
0.535050,2,11.3130
0.536500,1,-122.8440
0.537950,2,4.2970
0.539400,1,-132.2660
0.540850,2,-2.5160
0.542300,1,-140.7190
0.543750,2,-10.0000
0.545200,1,-148.5160
0.546650,2,-16.9840
0.548100,1,-156.5310
0.549550,2,-24.0940
0.551000,1,-164.2190
0.552450,2,-31.5780
0.553900,1,-170.6250
0.555350,2,-37.4370
0.556800,1,-176.7190
0.558250,2,-45.1090
0.559700,1,-182.7660
0.561150,2,-51.6090
0.562600,1,-188.2340
0.564050,2,-57.4220
0.565500,1,-192.4840
0.566950,2,-64.0160
0.568400,1,-196.4690
0.569850,2,-69.3910
0.571300,1,-200.2500
0.572750,2,-75.9840
0.574200,1,-202.7970
0.575650,2,-81.5940
0.577100,1,-205.0620
0.578550,2,-87.3910
0.580000,1,-207.2030
0.581450,2,-92.5620
0.582900,1,-207.5940
0.584350,2,-97.0620
0.585800,1,-207.9370
0.587250,2,-101.5470
0.588700,1,-207.5940
0.590150,2,-105.6560
0.591600,1,-206.6560
0.593050,2,-110.2500
0.594500,1,-204.9220
0.595950,2,-113.6720
0.597400,1,-202.7970
0.598850,2,-117.2030
0.600300,1,-200.5160
0.601750,2,-119.8440
0.603200,1,-197.1250
0.604650,2,-122.5470
0.606100,1,-192.6250
0.607550,2,-124.1870
0.609000,1,-187.7660
0.610450,2,-126.1250
0.611900,1,-183.2660
0.613350,2,-128.1410
0.614800,1,-176.6870
0.616250,2,-128.4530
0.617700,1,-170.9220
0.619150,2,-128.9840
0.620600,1,-163.7660
0.622050,2,-130.1870
0.623500,1,-156.8440
0.624950,2,-129.7810
0.626400,1,-149.1870
0.627850,2,-129.0620
0.629300,1,-140.7500
0.630750,2,-128.2340
0.632200,1,-132.4370
0.633650,2,-127.0000
0.635100,1,-123.0940
0.636550,2,-125.1090
0.638000,1,-113.9060
0.639450,2,-123.2810
0.640900,1,-103.7970
0.642350,2,-120.7030
0.643800,1,-94.4370
0.645250,2,-117.8910
0.646700,1,-83.5000
0.648150,2,-114.5940
0.649600,1,-72.5940
0.651050,2,-111.2190
0.652500,1,-62.0470
0.653950,2,-107.3910
0.655400,1,-50.6720
0.656850,2,-103.6250
0.658300,1,-39.5780
0.659750,2,-98.4060
0.661200,1,-28.7030
0.662650,2,-94.1560
0.664100,1,-16.8120
0.665550,2,-89.3910
0.667000,1,-5.2190
0.668450,2,-83.6090
0.669900,1,5.9690
0.671350,2,-78.3750
0.672800,1,17.4060
0.674250,2,-72.6250
0.675700,1,29.2030
0.677150,2,-66.2030
0.678600,1,40.1090
0.680050,2,-60.5780
0.681500,1,51.4060
0.682950,2,-53.8120
0.684400,1,62.6410
0.685850,2,-47.2030
0.687300,1,73.4690
0.688750,2,-40.7660
0.690200,1,83.9840
0.691650,2,-33.8590
0.693100,1,94.5000
0.694550,2,-27.2660
0.696000,1,104.2030
0.697450,2,-19.6720
0.698900,1,114.2970
0.700350,2,-12.6090
0.701800,1,124.2190
0.703250,2,-5.7340
0.704700,1,133.0940
0.706150,2,1.6880
0.707600,1,141.4840
0.709050,2,8.3130
0.710500,1,149.8440
0.711950,2,15.7660
0.713400,1,157.7190
0.714850,2,22.6250
0.716300,1,165.1560
0.717750,2,29.7340
0.719200,1,172.0780
0.720650,2,36.2030
0.722100,1,177.8910
0.723550,2,43.3130
0.725000,1,184.6090
0.726450,2,50.5160
0.727900,1,189.0940
0.729350,2,56.4380
0.730800,1,193.6560
0.732250,2,62.7810
0.733700,1,197.9220
0.735150,2,68.7970
0.736600,1,200.7190
0.738050,2,74.8590
0.739500,1,204.3130
0.740950,2,80.3590
0.742400,1,205.9220
0.743850,2,85.8130
0.745300,1,207.9840
0.746750,2,90.9840
0.748200,1,209.4690
0.749650,2,95.9530
0.751100,1,209.4220
0.752550,2,100.3130
0.754000,1,209.6720
0.755450,2,104.7030
0.756900,1,208.4690
0.758350,2,109.2500
0.759800,1,206.5470
0.761250,2,112.4380
0.762700,1,204.4060
0.764150,2,115.7340
0.765600,1,202.0310
0.767050,2,118.3590
0.768500,1,198.7970
0.769950,2,121.4690
0.771400,1,194.9060
0.772850,2,123.4220
0.774300,1,189.8750
0.775750,2,125.5630
0.777200,1,184.9530
0.778650,2,127.2190
0.780100,1,179.0780
0.781550,2,127.8440
0.783000,1,173.1880
0.784450,2,128.5310
0.785900,1,166.3750
0.787350,2,128.9380
0.788800,1,159.0940
0.790250,2,128.3910
0.791700,1,150.5310
0.793150,2,128.7660
0.794600,1,143.4530
0.796050,2,127.2030
0.797500,1,134.5000
0.798950,2,126.4380
0.800400,1,125.3910
0.801850,2,124.5470
0.803300,1,115.8590
0.804750,2,123.3130
0.806200,1,106.0160
0.807650,2,120.4060
0.809100,1,96.5000
0.810550,2,117.6410
0.812000,1,86.5160
0.813450,2,114.5160
0.814900,1,75.5780
0.816350,2,110.8750
0.817800,1,64.7660
0.819250,2,106.8280
0.820700,1,53.5470
0.822150,2,102.8280
0.823600,1,42.1720
0.825050,2,98.2190
0.826500,1,31.2190
0.827950,2,93.5940
0.829400,1,19.1410
0.830850,2,88.7970
0.832300,1,7.6880
0.833750,2,83.4690
0.835200,1,-3.0940
0.836650,2,78.3440
0.838100,1,-14.8910
0.839550,2,72.3280
0.841000,1,-26.5620
0.842450,2,66.1560
0.843900,1,-37.6090
0.845350,2,59.9530
0.846800,1,-48.8590
0.848250,2,53.2190
0.849700,1,-60.0470
0.851150,2,46.6560
0.852600,1,-70.9370
0.854050,2,40.1720
0.855500,1,-81.5470
0.856950,2,33.4380
0.858400,1,-91.9060
0.859850,2,26.6410
0.861300,1,-102.1720
0.862750,2,19.3440
0.864200,1,-111.8750
0.865650,2,12.6880
0.867100,1,-121.5160
0.868550,2,5.7970
0.870000,1,-130.6250
0.871450,2,-1.5940
0.872900,1,-139.4060
0.874350,2,-8.5620
0.875800,1,-147.6870
0.877250,2,-16.0000
0.878700,1,-155.1410
0.880150,2,-22.7340
0.881600,1,-162.9690
0.883050,2,-30.0940
0.884500,1,-169.5310
0.885950,2,-36.6720
0.887400,1,-175.7500
0.888850,2,-43.0000
0.890300,1,-181.9370
0.891750,2,-50.2970
0.893200,1,-187.6410
0.894650,2,-56.7190
0.896100,1,-191.9840
0.897550,2,-62.8910
0.899000,1,-196.3750
0.900450,2,-68.9220
0.901900,1,-199.9530
0.903350,2,-75.1410
0.904800,1,-202.4060
0.906250,2,-80.6410
0.907700,1,-205.1090
0.909150,2,-86.6090
0.910600,1,-206.2340
0.912050,2,-91.5780
0.913500,1,-207.5310
0.914950,2,-96.7030
0.916400,1,-208.0470
0.917850,2,-101.3590
0.919300,1,-207.8280
0.920750,2,-106.0620
0.922200,1,-206.8590
0.923650,2,-109.6090
0.925100,1,-205.4220
0.926550,2,-112.9370
0.928000,1,-203.5780
0.929450,2,-116.2030
0.930900,1,-200.5310
0.932350,2,-119.6250
0.933800,1,-197.8120
0.935250,2,-121.9220
0.936700,1,-193.4370
0.938150,2,-124.2340
0.939600,1,-188.9370
0.941050,2,-125.8910
0.942500,1,-184.1090
0.943950,2,-127.8750
0.945400,1,-178.4530
0.946850,2,-128.7970
0.948300,1,-172.0780
0.949750,2,-129.4690
0.951200,1,-165.3910
0.952650,2,-129.4690
0.954100,1,-158.4060
0.955550,2,-130.2970
0.957000,1,-150.6870
0.958450,2,-129.8440
0.959900,1,-142.1090
0.961350,2,-128.4370
0.962800,1,-133.7970
0.964250,2,-127.2970
0.965700,1,-124.7500
0.967150,2,-125.3750
0.968600,1,-115.4220
0.970050,2,-123.4690
0.971500,1,-105.4530
0.972950,2,-121.4370
0.974400,1,-95.7660
0.975850,2,-118.9060
0.977300,1,-85.3590
0.978750,2,-115.0940
0.980200,1,-74.8280
0.981650,2,-112.0470
0.983100,1,-63.6870
0.984550,2,-108.3590
0.986000,1,-52.3750
0.987450,2,-104.2810
0.988900,1,-42.0620
0.990350,2,-99.5780
0.991800,1,-30.1410
0.993250,2,-94.8590
0.994700,1,-18.9370
0.996150,2,-90.3120
0.997600,1,-7.3750
0.999050,2,-85.0780
1.000500,1,3.9380
1.001950,2,-79.2500
1.003400,1,15.4220
1.004850,2,-73.3440
1.006300,1,26.5630
1.007750,2,-67.3590
1.009200,1,38.6560
1.010650,2,-60.9370
1.012100,1,49.6560
1.013550,2,-54.5780
1.015000,1,60.6410
1.016450,2,-47.9220
1.017900,1,71.2500
1.019350,2,-42.0310
1.020800,1,82.9690
1.022250,2,-34.7030
1.023700,1,92.7340
1.025150,2,-27.9690
1.026600,1,102.9220
1.028050,2,-21.4370
1.029500,1,112.5470
1.030950,2,-13.8280
1.032400,1,122.6720
1.033850,2,-6.6250
1.035300,1,131.3130
1.036750,2,0.1560
1.038200,1,140.3130
1.039650,2,7.3910
1.041100,1,148.2660
1.042550,2,14.6090
1.044000,1,156.4220
1.045450,2,21.5940
1.046900,1,163.7500
1.048350,2,28.8130
1.049800,1,170.6410
1.051250,2,35.5780
1.052700,1,177.2190
1.054150,2,42.4380
1.055600,1,182.7190
1.057050,2,48.8910
1.058500,1,188.2810
1.059950,2,55.4380
1.061400,1,193.0160
1.062850,2,61.3910
1.064300,1,197.7970
1.065750,2,68.0780
1.067200,1,200.8440
1.068650,2,74.1090
1.070100,1,203.6250
1.071550,2,79.8440
1.073000,1,206.4060
1.074450,2,84.8280
1.075900,1,208.2500
1.077350,2,90.2810
1.078800,1,209.0470
1.080250,2,95.3440
1.081700,1,209.8590
1.083150,2,99.4380
1.084600,1,209.0000
1.086050,2,104.2500
1.087500,1,208.6880
1.088950,2,108.3440
1.090400,1,207.2500
1.091850,2,112.2030
1.093300,1,205.0470
1.094750,2,114.9840
1.096200,1,202.4060
1.097650,2,118.2500
1.099100,1,199.2500
1.100550,2,121.0940
1.102000,1,195.3440
1.103450,2,123.4530
1.104900,1,190.6410
1.106350,2,125.1090
1.107800,1,185.9530
1.109250,2,126.8590
1.110700,1,180.6250
1.112150,2,127.8590
1.113600,1,174.0310
1.115050,2,128.7340
1.116500,1,167.4530
1.117950,2,129.3590
1.119400,1,160.0160
1.120850,2,129.2810
1.122300,1,152.5000
1.123750,2,128.8910
1.125200,1,144.6720
1.126650,2,128.3440
1.128100,1,135.8910
1.129550,2,126.7030
1.131000,1,126.8130
1.132450,2,124.9840
1.133900,1,117.8130
1.135350,2,122.8910
1.136800,1,108.0160
1.138250,2,120.5940
1.139700,1,97.9060
1.141150,2,118.4060
1.142600,1,87.9840
1.144050,2,114.9530
1.145500,1,77.2970
1.146950,2,111.6560
1.148400,1,66.3130
1.149850,2,107.7970
1.151300,1,55.4840
1.152750,2,104.0940
1.154200,1,43.7660
1.155650,2,99.5470
1.157100,1,32.3750
1.158550,2,94.2500
1.160000,1,21.6410
1.161450,2,89.7660
1.162900,1,9.9530
1.164350,2,84.5160
1.165800,1,-1.5470
1.167250,2,78.9380
1.168700,1,-13.0470
1.170150,2,73.0310
1.171600,1,-23.9840
1.173050,2,67.3440
1.174500,1,-36.1410
1.175950,2,61.0470
1.177400,1,-47.1720
1.178850,2,54.8590
1.180300,1,-58.0940
1.181750,2,48.3280
1.183200,1,-69.1410
1.184650,2,41.3440
1.186100,1,-79.5160
1.187550,2,34.5780
1.189000,1,-90.2190
1.190450,2,28.0470
1.191900,1,-100.4370
1.193350,2,20.8280
1.194800,1,-110.1560
1.196250,2,13.4220
1.197700,1,-120.2340
1.199150,2,6.5630
1.200600,1,-128.7970
1.202050,2,-0.5160
1.203500,1,-137.8280
1.204950,2,-8.0160
1.206400,1,-146.3440
1.207850,2,-14.5470
1.209300,1,-153.7810
1.210750,2,-21.5940
1.212200,1,-162.0000
1.213650,2,-28.5160
1.215100,1,-168.8750
1.216550,2,-36.0620
1.218000,1,-175.0000
1.219450,2,-42.5160
1.220900,1,-180.7500
1.222350,2,-48.7970
1.223800,1,-186.4220
1.225250,2,-55.8120
1.226700,1,-191.0310
1.228150,2,-61.9220
1.229600,1,-195.3910
1.231050,2,-68.5620
1.232500,1,-198.8440
1.233950,2,-74.0780
1.235400,1,-201.6720
1.236850,2,-79.8280
1.238300,1,-204.5310
1.239750,2,-85.2030
1.241200,1,-206.3750
1.242650,2,-90.3590
1.244100,1,-207.7500
1.245550,2,-95.7190
1.247000,1,-207.6720
1.248450,2,-99.9530
1.249900,1,-207.8440
1.251350,2,-104.6410
1.252800,1,-207.0000
1.254250,2,-108.5160
1.255700,1,-205.8910
1.257150,2,-112.0620
1.258600,1,-203.6870
1.260050,2,-115.4690
1.261500,1,-201.0310
1.262950,2,-118.7500
1.264400,1,-197.5470
1.265850,2,-121.5310
1.267300,1,-194.6410
1.268750,2,-124.0000
1.270200,1,-189.5310
1.271650,2,-125.8440
1.273100,1,-185.1560
1.274550,2,-126.9690
1.276000,1,-179.3590
1.277450,2,-128.2810
1.278900,1,-173.1250
1.280350,2,-129.1250
1.281800,1,-166.5310
1.283250,2,-129.5940
1.284700,1,-158.8910
1.286150,2,-129.6250
1.287600,1,-152.3280
1.289050,2,-129.4370
1.290500,1,-143.8590
1.291950,2,-128.7500
1.293400,1,-135.2660
1.294850,2,-127.6250
1.296300,1,-126.3440
1.297750,2,-125.8750
1.299200,1,-117.2190
1.300650,2,-123.9220
1.302100,1,-106.9060
1.303550,2,-121.6720
1.305000,1,-97.1090
1.306450,2,-118.8440
1.307900,1,-86.9370
1.309350,2,-115.8440
1.310800,1,-76.2340
1.312250,2,-112.7810
1.313700,1,-65.4530
1.315150,2,-109.0310
1.316600,1,-54.5620
1.318050,2,-104.5940
1.319500,1,-43.6560
1.320950,2,-100.5940
1.322400,1,-32.6870
1.323850,2,-95.9840
1.325300,1,-20.5310
1.326750,2,-90.4840
1.328200,1,-9.0470
1.329650,2,-85.5000
1.331100,1,2.4530
1.332550,2,-80.3750
1.334000,1,13.4690
1.335450,2,-73.9530
1.336900,1,25.1880
1.338350,2,-68.4220
1.339800,1,36.2660
1.341250,2,-62.5160
1.342700,1,48.0630
1.344150,2,-56.2500
1.345600,1,58.7340
1.347050,2,-49.8590
1.348500,1,69.7810
1.349950,2,-42.3440
1.351400,1,80.6880
1.352850,2,-36.0620
1.354300,1,91.2030
1.355750,2,-28.8280
1.357200,1,101.8280
1.358650,2,-21.9840
1.360100,1,111.1720
1.361550,2,-14.4840
1.363000,1,120.5780
1.364450,2,-7.5470
1.365900,1,129.8130
1.367350,2,-0.9530
1.368800,1,138.6410
1.370250,2,6.2660
1.371700,1,147.3280
1.373150,2,13.6410
1.374600,1,155.1880
1.376050,2,20.5630
1.377500,1,162.6250
1.378950,2,27.2810
1.380400,1,169.8750
1.381850,2,33.7810
1.383300,1,176.1720
1.384750,2,41.2660
1.386200,1,181.6410
1.387650,2,48.1720
1.389100,1,187.8130
1.390550,2,54.4690
1.392000,1,192.3750
1.393450,2,60.6410
1.394900,1,196.5470
1.396350,2,67.0470
1.397800,1,200.0310
1.399250,2,72.8590
1.400700,1,203.2500
1.402150,2,78.8750
1.403600,1,205.5940
1.405050,2,83.8280
1.406500,1,207.7810
1.407950,2,88.9690
1.409400,1,209.2970
1.410850,2,94.6720
1.412300,1,209.2810
1.413750,2,98.9220
1.415200,1,209.2810
1.416650,2,104.0160
1.418100,1,208.8590
1.419550,2,107.3590
1.421000,1,207.2190
1.422450,2,111.6090
1.423900,1,205.7030
1.425350,2,115.1720
1.426800,1,203.0940
1.428250,2,117.9530
1.429700,1,200.1250
1.431150,2,120.5940
1.432600,1,196.4840
1.434050,2,123.0780
1.435500,1,191.4220
1.436950,2,125.2190
1.438400,1,186.5310
1.439850,2,126.1250
1.441300,1,181.4060
1.442750,2,127.5310
1.444200,1,175.1410
1.445650,2,128.3910
1.447100,1,169.1720
1.448550,2,128.7190
1.450000,1,161.7660
1.451450,2,129.3590
1.452900,1,154.0470
1.454350,2,128.8440
1.455800,1,145.5310
1.457250,2,128.2190
1.458700,1,137.3910
1.460150,2,126.5160
1.461600,1,128.7660
1.463050,2,125.2340
1.464500,1,118.9530
1.465950,2,123.2660
1.467400,1,109.3750
1.468850,2,121.7190
1.470300,1,99.4530
1.471750,2,118.6250
1.473200,1,89.3440
1.474650,2,115.9060
1.476100,1,78.7970
1.477550,2,112.2810
1.479000,1,68.2340
1.480450,2,108.5780
1.481900,1,57.1250
1.483350,2,104.2970
1.484800,1,45.6410
1.486250,2,99.9690
1.487700,1,34.7970
1.489150,2,95.2340
1.490600,1,23.0160
1.492050,2,90.2970
1.493500,1,11.4690
1.494950,2,85.0310
1.496400,1,0.2660
1.497850,2,79.5000
1.499300,1,-11.1090
1.500750,2,74.4380
1.502200,1,-22.1090
1.503650,2,68.3440
1.505100,1,-34.1720
1.506550,2,61.8590
1.508000,1,-45.5160
1.509450,2,55.8910
1.510900,1,-56.4690
1.512350,2,49.3750
1.513800,1,-67.7340
1.515250,2,42.7810
1.516700,1,-78.3910
1.518150,2,35.4530
1.519600,1,-88.6720
1.521050,2,29.1090
1.522500,1,-99.0000
1.523950,2,21.7660
1.525400,1,-109.0310
1.526850,2,14.8910
1.528300,1,-118.2970
1.529750,2,7.1880
1.531200,1,-127.6560
1.532650,2,0.4840
1.534100,1,-136.9840
1.535550,2,-6.3910
1.537000,1,-145.2810
1.538450,2,-13.9370
1.539900,1,-153.2500
1.541350,2,-20.6560
1.542800,1,-160.3910
1.544250,2,-27.8910
1.545700,1,-167.4840
1.547150,2,-34.3590
1.548600,1,-174.0310
1.550050,2,-41.2970
1.551500,1,-180.1090
1.552950,2,-47.7660
1.554400,1,-185.6250
1.555850,2,-54.4370
1.557300,1,-190.4690
1.558750,2,-60.9690
1.560200,1,-195.1250
1.561650,2,-67.1870
1.563100,1,-198.8120
1.564550,2,-72.6090
1.566000,1,-201.5780
1.567450,2,-79.0620
1.568900,1,-204.0000
1.570350,2,-84.7970
1.571800,1,-205.9840
1.573250,2,-89.5310
1.574700,1,-207.1870
1.576150,2,-95.2500
1.577600,1,-208.1720
1.579050,2,-99.5470
1.580500,1,-208.2970
1.581950,2,-103.9840
1.583400,1,-207.2500
1.584850,2,-108.1090
1.586300,1,-206.1090
1.587750,2,-112.3120
1.589200,1,-204.5000
1.590650,2,-115.2190
1.592100,1,-201.2190
1.593550,2,-118.3590
1.595000,1,-198.2190
1.596450,2,-120.8590
1.597900,1,-194.4220
1.599350,2,-123.4840
1.600800,1,-190.9370
1.602250,2,-125.4690
1.603700,1,-185.6250
1.605150,2,-127.1090
1.606600,1,-179.5470
1.608050,2,-128.6720
1.609500,1,-173.9370
1.610950,2,-129.3590
1.612400,1,-167.6250
1.613850,2,-129.7030
1.615300,1,-160.3280
1.616750,2,-129.5160
1.618200,1,-152.8440
1.619650,2,-129.6560
1.621100,1,-144.6560
1.622550,2,-128.4060
1.624000,1,-136.0000
1.625450,2,-127.6560
1.626900,1,-127.5620
1.628350,2,-126.1250
1.629800,1,-117.9060
1.631250,2,-124.3120
1.632700,1,-108.6870
1.634150,2,-121.6410
1.635600,1,-98.8590
1.637050,2,-119.2190
1.638500,1,-88.5620
1.639950,2,-116.3280
1.641400,1,-77.9530
1.642850,2,-112.8750
1.644300,1,-67.0940
1.645750,2,-109.8910
1.647200,1,-56.1250
1.648650,2,-105.3120
1.650100,1,-45.5160
1.651550,2,-101.2660
1.653000,1,-33.8910
1.654450,2,-96.5000
1.655900,1,-22.8120
1.657350,2,-91.6410
1.658800,1,-11.4060
1.660250,2,-86.4530
1.661700,1,0.5630
1.663150,2,-80.9370
1.664600,1,11.5470
1.666050,2,-75.4370
1.667500,1,23.4530
1.668950,2,-69.6720
1.670400,1,34.8130
1.671850,2,-63.1250
1.673300,1,46.2190
1.674750,2,-57.3590
1.676200,1,57.2500
1.677650,2,-50.3280
1.679100,1,67.9840
1.680550,2,-43.6560
1.682000,1,79.1880
1.683450,2,-37.1720
1.684900,1,89.5000
1.686350,2,-30.0160
1.687800,1,99.7500
1.689250,2,-23.2030
1.690700,1,109.7340
1.692150,2,-16.6410
1.693600,1,119.5470
1.695050,2,-9.1870
1.696500,1,128.7190
1.697950,2,-2.1870
1.699400,1,137.6250
1.700850,2,5.2810
1.702300,1,145.8280
1.703750,2,12.2660
1.705200,1,153.7190
1.706650,2,19.8590
1.708100,1,161.7190
1.709550,2,25.7190
1.711000,1,168.5780
1.712450,2,33.0780
1.713900,1,175.2030
1.715350,2,40.1560
1.716800,1,181.5160
1.718250,2,46.8440
1.719700,1,186.6090
1.721150,2,53.4220
1.722600,1,191.7660
1.724050,2,60.0470
1.725500,1,196.2030
1.726950,2,66.3130
1.728400,1,199.7970
1.729850,2,72.0630
1.731300,1,203.0940
1.732750,2,78.0630
1.734200,1,205.5630
1.735650,2,83.5630
1.737100,1,207.1720
1.738550,2,88.5470
1.740000,1,208.6720
1.741450,2,93.7030
1.742900,1,209.1410
1.744350,2,98.6720
1.745800,1,209.3280
1.747250,2,102.5630
1.748700,1,209.3750
1.750150,2,106.7500
1.751600,1,207.9220
1.753050,2,110.8750
1.754500,1,205.9220
1.755950,2,114.0000
1.757400,1,203.0470
1.758850,2,117.2810
1.760300,1,200.7500
1.761750,2,120.0940
1.763200,1,196.5310
1.764650,2,122.5310
1.766100,1,192.1560
1.767550,2,124.4380
1.769000,1,187.6880
1.770450,2,126.2190
1.771900,1,181.9840
1.773350,2,127.7500
1.774800,1,175.8130
1.776250,2,128.6090
1.777700,1,169.3590
1.779150,2,128.2190
1.780600,1,162.6410
1.782050,2,129.5630
1.783500,1,155.0160
1.784950,2,128.8440
1.786400,1,147.4060
1.787850,2,128.0470
1.789300,1,138.5310
1.790750,2,126.8910
1.792200,1,129.8440
1.793650,2,125.4220
1.795100,1,120.5630
1.796550,2,123.2500
1.798000,1,110.9380
1.799450,2,121.6090
1.800900,1,101.2340
1.802350,2,119.0940
1.803800,1,90.8440
1.805250,2,116.1090
1.806700,1,80.3910
1.808150,2,112.3440
1.809600,1,69.7190
1.811050,2,108.9690
1.812500,1,58.9690
1.813950,2,104.9060
1.815400,1,47.2970
1.816850,2,100.5940
1.818300,1,36.6880
1.819750,2,96.3130
1.821200,1,25.0780
1.822650,2,91.8590
1.824100,1,13.6410
1.825550,2,86.4840
1.827000,1,2.0940
1.828450,2,80.3910
1.829900,1,-9.2500
1.831350,2,74.8750
1.832800,1,-20.6870
1.834250,2,69.1720
1.835700,1,-32.6250
1.837150,2,63.2030
1.838600,1,-43.2190
1.840050,2,56.9220
1.841500,1,-54.5780
1.842950,2,50.1560
1.844400,1,-65.9530
1.845850,2,43.7500
1.847300,1,-76.3750
1.848750,2,36.6090
1.850200,1,-87.1720
1.851650,2,30.1720
1.853100,1,-97.3440
1.854550,2,23.2190
1.856000,1,-107.3910
1.857450,2,15.2190
1.858900,1,-116.9060
1.860350,2,8.7030
1.861800,1,-126.0940
1.863250,2,1.3440
1.864700,1,-134.7660
1.866150,2,-5.2340
1.867600,1,-143.7500
1.869050,2,-13.0160
1.870500,1,-151.6720
1.871950,2,-19.5780
1.873400,1,-159.4690
1.874850,2,-25.9370
1.876300,1,-166.3120
1.877750,2,-33.2500
1.879200,1,-172.9530
1.880650,2,-40.4690
1.882100,1,-178.8440
1.883550,2,-47.3120
1.885000,1,-184.5000
1.886450,2,-53.4690
1.887900,1,-189.6250
1.889350,2,-60.3440
1.890800,1,-193.9060
1.892250,2,-66.1720
1.893700,1,-197.9840
1.895150,2,-72.7970
1.896600,1,-201.0620
1.898050,2,-78.2810
1.899500,1,-203.8910
1.900950,2,-83.9220
1.902400,1,-205.6410
1.903850,2,-89.1720
1.905300,1,-207.0780
1.906750,2,-94.0470
1.908200,1,-207.5310
1.909650,2,-98.9840
1.911100,1,-207.3120
1.912550,2,-103.3750
1.914000,1,-207.2660
1.915450,2,-107.3280
1.916900,1,-206.3280
1.918350,2,-111.2810
1.919800,1,-204.5470
1.921250,2,-114.7190
1.922700,1,-202.0310
1.924150,2,-118.4690
1.925600,1,-199.1250
1.927050,2,-120.7810
1.928500,1,-195.6410
1.929950,2,-123.2030
1.931400,1,-191.2190
1.932850,2,-125.2190
1.934300,1,-186.1870
1.935750,2,-126.9530
1.937200,1,-180.8440
1.938650,2,-128.0160
1.940100,1,-174.9220
1.941550,2,-129.4220
1.943000,1,-168.5160
1.944450,2,-129.5470
1.945900,1,-161.3590
1.947350,2,-130.0000
1.948800,1,-154.2500
1.950250,2,-129.5620
1.951700,1,-145.8440
1.953150,2,-129.1090
1.954600,1,-137.9690
1.956050,2,-128.0940
1.957500,1,-129.1250
1.958950,2,-126.4530
1.960400,1,-119.8590
1.961850,2,-124.6250
1.963300,1,-110.1870
1.964750,2,-122.1720
1.966200,1,-100.9530
1.967650,2,-119.9690
1.969100,1,-90.1560
1.970550,2,-117.3440
1.972000,1,-79.6870
1.973450,2,-113.7500
1.974900,1,-68.7970
1.976350,2,-109.9370
1.977800,1,-58.1090
1.979250,2,-106.6090
1.980700,1,-46.7340
1.982150,2,-101.9220
1.983600,1,-35.8280
1.985050,2,-97.4840
1.986500,1,-24.3590
1.987950,2,-92.9060
1.989400,1,-12.8910
1.990850,2,-87.3590
1.992300,1,-1.5620
1.993750,2,-82.1870
1.995200,1,9.9530
1.996650,2,-76.0310
1.998100,1,21.9380
1.999550,2,-70.4220
2.001000,1,33.6090
2.002450,2,-64.2190
2.003900,1,43.7970
2.005350,2,-58.2810
2.006800,1,55.7190
2.008250,2,-51.2970
2.009700,1,66.4690
2.011150,2,-45.2970
2.012600,1,77.3130
2.014050,2,-37.8120
2.015500,1,87.8280
2.016950,2,-31.3750
2.018400,1,98.3280
2.019850,2,-24.2500
2.021300,1,107.7810
2.022750,2,-17.7030
2.024200,1,117.7190
2.025650,2,-10.2340
2.027100,1,127.4840
2.028550,2,-3.3750
2.030000,1,136.3750
2.031450,2,4.0780
2.032900,1,144.5160
2.034350,2,11.1720
2.035800,1,152.8590
2.037250,2,17.9380
2.038700,1,160.1090
2.040150,2,25.4530
2.041600,1,167.4220
2.043050,2,32.0940
2.044500,1,174.0780
2.045950,2,38.6410
2.047400,1,180.5310
2.048850,2,46.0000
2.050300,1,185.4530
2.051750,2,52.1560
2.053200,1,190.9840
2.054650,2,59.0470
2.056100,1,195.0940
2.057550,2,64.7190
2.059000,1,199.4060
2.060450,2,71.5160
2.061900,1,202.9530
2.063350,2,76.6250
2.064800,1,205.4840
2.066250,2,82.9220
2.067700,1,207.0470
2.069150,2,88.0470
2.070600,1,208.5630
2.072050,2,92.9220
2.073500,1,209.0310
2.074950,2,97.9060
2.076400,1,209.7340
2.077850,2,101.8280
2.079300,1,208.7810
2.080750,2,106.4530
2.082200,1,207.8280
2.083650,2,109.9530
2.085100,1,205.8280
2.086550,2,113.8280
2.088000,1,204.1880
2.089450,2,117.3910
2.090900,1,201.0000
2.092350,2,120.2500
2.093800,1,197.3910
2.095250,2,122.0470
2.096700,1,193.0160
2.098150,2,124.4380
2.099600,1,188.2030
2.101050,2,126.0310
2.102500,1,182.9220
2.103950,2,127.4060
2.105400,1,177.3910
2.106850,2,128.4220
2.108300,1,170.2970
2.109750,2,129.2810
2.111200,1,163.3590
2.112650,2,128.8750
2.114100,1,156.0630
2.115550,2,128.5940
2.117000,1,148.5780
2.118450,2,127.9530
2.119900,1,140.2660
2.121350,2,127.5470
2.122800,1,131.6250
2.124250,2,125.6410
2.125700,1,122.0940
2.127150,2,123.8280
2.128600,1,112.4380
2.130050,2,122.1720
2.131500,1,102.8280
2.132950,2,118.5470
2.134400,1,92.7190
2.135850,2,116.3590
2.137300,1,81.6720
2.138750,2,113.3750
2.140200,1,71.3280
2.141650,2,109.8590
2.143100,1,60.5470
2.144550,2,105.9840
2.146000,1,49.6090
2.147450,2,101.1560
2.148900,1,37.2660
2.150350,2,96.6880
2.151800,1,26.5780
2.153250,2,91.9220
2.154700,1,15.5000
2.156150,2,86.6250
2.157600,1,3.7810
2.159050,2,81.3280
2.160500,1,-7.7030
2.161950,2,75.5940
2.163400,1,-18.8910
2.164850,2,69.4380
2.166300,1,-30.5310
2.167750,2,63.8910
2.169200,1,-42.1410
2.170650,2,57.6250
2.172100,1,-52.9840
2.173550,2,50.9530
2.175000,1,-63.8910
2.176450,2,44.4840
2.177900,1,-75.3750
2.179350,2,38.0000
2.180800,1,-85.4370
2.182250,2,30.8440
2.183700,1,-96.0310
2.185150,2,24.1560
2.186600,1,-106.0780
2.188050,2,16.6720
2.189500,1,-115.4840
2.190950,2,10.0470
2.192400,1,-125.0940
2.193850,2,2.8280
2.195300,1,-134.0620
2.196750,2,-4.0940
2.198200,1,-143.2190
2.199650,2,-11.2810
2.201100,1,-150.7030
2.202550,2,-18.9060
2.204000,1,-158.2810
2.205450,2,-25.3440
2.206900,1,-165.0940
2.208350,2,-32.9370
2.209800,1,-172.0620
2.211250,2,-39.8440
2.212700,1,-178.5620
2.214150,2,-46.0470
2.215600,1,-183.9530
2.217050,2,-52.6250
2.218500,1,-189.0160
2.219950,2,-59.0470
2.221400,1,-193.4370
2.222850,2,-65.1870
2.224300,1,-197.6090
2.225750,2,-71.6250
2.227200,1,-200.8440
2.228650,2,-77.1410
2.230100,1,-203.4840
2.231550,2,-82.9060
2.233000,1,-205.7030
2.234450,2,-88.6090
2.235900,1,-207.1410
2.237350,2,-93.5780
2.238800,1,-207.5940
2.240250,2,-98.3280
2.241700,1,-208.0780
2.243150,2,-102.5000
2.244600,1,-206.8440
2.246050,2,-106.9370
2.247500,1,-206.2340
2.248950,2,-111.0310
2.250400,1,-204.6870
2.251850,2,-114.4530
2.253300,1,-202.3120
2.254750,2,-117.3590
2.256200,1,-199.8120
2.257650,2,-120.3590
2.259100,1,-195.8440
2.260550,2,-122.9530
2.262000,1,-191.8440
2.263450,2,-125.3590
2.264900,1,-186.7660
2.266350,2,-126.6720
2.267800,1,-181.3120
2.269250,2,-128.0780
2.270700,1,-175.7660
2.272150,2,-129.1250
2.273600,1,-169.6720
2.275050,2,-129.8280
2.276500,1,-162.1870
2.277950,2,-129.8120
2.279400,1,-155.1250
2.280850,2,-129.6870
2.282300,1,-147.7030
2.283750,2,-129.5160
2.285200,1,-139.1250
2.286650,2,-128.1250
2.288100,1,-129.9220
2.289550,2,-126.8120
2.291000,1,-121.2030
2.292450,2,-124.8910
2.293900,1,-111.9370
2.295350,2,-122.7810
2.296800,1,-101.4220
2.298250,2,-120.1250
2.299700,1,-91.7340
2.301150,2,-117.7810
2.302600,1,-80.7660
2.304050,2,-114.5470
2.305500,1,-70.6720
2.306950,2,-110.8910
2.308400,1,-59.8910
2.309850,2,-106.7970
2.311300,1,-48.5000
2.312750,2,-102.6560
2.314200,1,-37.5470
2.315650,2,-97.6090
2.317100,1,-26.4370
2.318550,2,-92.9690
2.320000,1,-14.2030
2.321450,2,-88.3440
2.322900,1,-3.4220
2.324350,2,-82.7340
2.325800,1,8.6880
2.327250,2,-76.9840
2.328700,1,19.8590
2.330150,2,-71.0470
2.331600,1,31.5780
2.333050,2,-65.1720
2.334500,1,42.0940
2.335950,2,-59.3120
2.337400,1,53.8280
2.338850,2,-52.7970
2.340300,1,64.9530
2.341750,2,-45.9060
2.343200,1,75.3130
2.344650,2,-39.3280
2.346100,1,86.1250
2.347550,2,-32.3590
2.349000,1,96.3750
2.350450,2,-25.5310
2.351900,1,107.1090
2.353350,2,-17.8590
2.354800,1,116.3750
2.356250,2,-11.2190
2.357700,1,125.6560
2.359150,2,-4.2500
2.360600,1,134.6250
2.362050,2,2.7810
2.363500,1,143.0470
2.364950,2,10.2660
2.366400,1,151.2030
2.367850,2,17.5310
2.369300,1,159.1720
2.370750,2,24.1880
2.372200,1,166.9690
2.373650,2,31.3590
2.375100,1,173.5780
2.376550,2,38.4530
2.378000,1,179.3910
2.379450,2,44.9530
2.380900,1,185.0310
2.382350,2,51.5310
2.383800,1,190.1880
2.385250,2,57.9060
2.386700,1,195.0470
2.388150,2,64.1410
2.389600,1,198.5470
2.391050,2,69.9060
2.392500,1,202.3910
2.393950,2,76.4220
2.395400,1,204.9840
2.396850,2,82.0630
2.398300,1,207.3130
2.399750,2,87.4690
2.401200,1,208.9060
2.402650,2,92.3590
2.404100,1,209.0470
2.405550,2,96.9380
2.407000,1,209.1090
2.408450,2,101.2340
2.409900,1,209.1720
2.411350,2,105.6560
2.412800,1,208.2030
2.414250,2,109.3440
2.415700,1,206.4380
2.417150,2,112.8750
2.418600,1,204.0780
2.420050,2,116.4060
2.421500,1,201.7030
2.422950,2,119.5940
2.424400,1,197.6410
2.425850,2,121.8280
2.427300,1,193.9060
2.428750,2,124.0780
2.430200,1,188.7030
2.431650,2,125.4840
2.433100,1,184.0000
2.434550,2,127.7030
2.436000,1,178.3440
2.437450,2,127.6880
2.438900,1,171.5940
2.440350,2,129.1880
2.441800,1,164.8280
2.443250,2,128.8750
2.444700,1,157.5310
2.446150,2,129.0310
2.447600,1,149.7340
2.449050,2,128.6880
2.450500,1,141.4220
2.451950,2,126.8910
2.453400,1,132.3910
2.454850,2,126.2660
2.456300,1,123.5160
2.457750,2,124.3130
2.459200,1,114.0630
2.460650,2,122.0780
2.462100,1,104.2500
2.463550,2,119.9530
2.465000,1,94.0000
2.466450,2,116.7030
2.467900,1,83.6880
2.469350,2,113.4530
2.470800,1,72.6880
2.472250,2,110.3750
2.473700,1,62.1250
2.475150,2,106.2810
2.476600,1,50.6560
2.478050,2,102.1720
2.479500,1,40.0780
2.480950,2,97.6560
2.482400,1,28.5940
2.483850,2,93.0630
2.485300,1,17.3440
2.486750,2,88.1410
2.488200,1,5.1410
2.489650,2,82.4060
2.491100,1,-5.9840
2.492550,2,76.8910
2.494000,1,-17.6720
2.495450,2,70.8750
2.496900,1,-28.9220
2.498350,2,64.2340
2.499800,1,-40.4530
2.501250,2,58.4690
2.502700,1,-51.3280
2.504150,2,52.4060
2.505600,1,-62.5310
2.507050,2,45.9380
2.508500,1,-73.5310
2.509950,2,38.2030
2.511400,1,-84.0620
2.512850,2,32.0940
2.514300,1,-93.6250
2.515750,2,24.8590
2.517200,1,-104.0470
2.518650,2,17.5160
2.520100,1,-114.3280
2.521550,2,11.3130
2.523000,1,-123.3440
2.524450,2,4.3130
2.525900,1,-132.5160
2.527350,2,-3.6720
2.528800,1,-140.8910
2.530250,2,-10.1250
2.531700,1,-149.4530
2.533150,2,-17.9220
2.534600,1,-157.3440
2.536050,2,-24.7970
2.537500,1,-164.8440
2.538950,2,-31.7340
2.540400,1,-170.5620
2.541850,2,-38.4060
2.543300,1,-177.7030
2.544750,2,-44.9220
2.546200,1,-182.8910
2.547650,2,-51.6720
2.549100,1,-188.3590
2.550550,2,-58.2340
2.552000,1,-192.6720
2.553450,2,-64.7660
2.554900,1,-196.9370
2.556350,2,-70.6560
2.557800,1,-200.2970
2.559250,2,-75.9840
2.560700,1,-203.5160
2.562150,2,-82.0620
2.563600,1,-205.2500
2.565050,2,-87.9220
2.566500,1,-206.8120
2.567950,2,-92.5160
2.569400,1,-208.0470
2.570850,2,-97.3750
2.572300,1,-207.9840
2.573750,2,-101.9060
2.575200,1,-207.1870
2.576650,2,-106.0470
2.578100,1,-206.9690
2.579550,2,-110.0620
2.581000,1,-205.2970
2.582450,2,-113.6870
2.583900,1,-202.7660
2.585350,2,-116.8440
2.586800,1,-199.7030
2.588250,2,-119.6250
2.589700,1,-196.6090
2.591150,2,-122.4840
2.592600,1,-192.1090
2.594050,2,-123.9220
2.595500,1,-188.2810
2.596950,2,-126.7340
2.598400,1,-182.5620
2.599850,2,-128.1870
2.601300,1,-176.7500
2.602750,2,-129.4530
2.604200,1,-170.5620
2.605650,2,-129.5940
2.607100,1,-163.6410
2.608550,2,-130.1250
2.610000,1,-156.3590
2.611450,2,-129.5160
2.612900,1,-148.6090
2.614350,2,-129.1410
2.615800,1,-140.2500
2.617250,2,-128.2340
2.618700,1,-132.0780
2.620150,2,-126.9840
2.621600,1,-122.8590
2.623050,2,-125.1250
2.624500,1,-112.9840
2.625950,2,-122.8750
2.627400,1,-103.5310
2.628850,2,-120.6410
2.630300,1,-93.3910
2.631750,2,-117.9530
2.633200,1,-82.6720
2.634650,2,-114.8750
2.636100,1,-72.7030
2.637550,2,-111.2500
2.639000,1,-61.4060
2.640450,2,-106.6720
2.641900,1,-50.1720
2.643350,2,-103.6870
2.644800,1,-39.3120
2.646250,2,-99.0620
2.647700,1,-27.4690
2.649150,2,-93.8440
2.650600,1,-16.2500
2.652050,2,-88.9840
2.653500,1,-5.0310
2.654950,2,-83.8910
2.656400,1,6.9530
2.657850,2,-77.9370
2.659300,1,18.0470
2.660750,2,-72.2660
2.662200,1,29.3280
2.663650,2,-65.8590
2.665100,1,41.1250
2.666550,2,-59.7190
2.668000,1,52.2500
2.669450,2,-53.5470
2.670900,1,63.4690
2.672350,2,-46.8440
2.673800,1,73.7810
2.675250,2,-39.9060
2.676700,1,84.2810
2.678150,2,-32.8280
2.679600,1,95.2190
2.681050,2,-26.2340
2.682500,1,105.6880
2.683950,2,-19.7660
2.685400,1,115.3130
2.686850,2,-12.0160
2.688300,1,124.3440
2.689750,2,-5.2970
2.691200,1,133.3590
2.692650,2,1.8280
2.694100,1,142.0470
2.695550,2,9.0000
2.697000,1,150.6560
2.698450,2,16.5000
2.699900,1,158.1720
2.701350,2,23.5160
2.702800,1,165.6250
2.704250,2,30.2810
2.705700,1,172.3750
2.707150,2,36.2340
2.708600,1,178.5160
2.710050,2,43.5630
2.711500,1,184.1880
2.712950,2,49.6880
2.714400,1,189.5000
2.715850,2,56.5940
2.717300,1,194.2500
2.718750,2,63.3280
2.720200,1,197.7500
2.721650,2,69.1560
2.723100,1,201.5780
2.724550,2,75.4690
2.726000,1,204.7030
2.727450,2,80.7500
2.728900,1,206.5780
2.730350,2,86.2660
2.731800,1,208.3130
2.733250,2,90.9530
2.734700,1,209.3280
2.736150,2,96.4380
2.737600,1,209.9060
2.739050,2,100.7500
2.740500,1,209.3130
2.741950,2,104.9840
2.743400,1,208.1560
2.744850,2,108.5160
2.746300,1,206.3130
2.747750,2,112.5310
2.749200,1,204.6560
2.750650,2,116.0940
2.752100,1,202.0160
2.753550,2,118.9530
2.755000,1,198.5780
2.756450,2,121.4690
2.757900,1,194.2500
2.759350,2,123.9060
2.760800,1,190.2030
2.762250,2,125.1720
2.763700,1,184.8910
2.765150,2,126.8590
2.766600,1,178.9060
2.768050,2,128.2190
2.769500,1,172.9220
2.770950,2,128.6410
2.772400,1,165.9690
2.773850,2,129.0160
2.775300,1,158.5160
2.776750,2,128.9530
2.778200,1,150.7810
2.779650,2,128.2970
2.781100,1,142.4690
2.782550,2,127.5780
2.784000,1,134.0000
2.785450,2,126.7810
2.786900,1,124.7810
2.788350,2,124.4530
2.789800,1,115.5160
2.791250,2,122.8440
2.792700,1,105.1410
2.794150,2,120.0310
2.795600,1,95.4060
2.797050,2,117.4840
2.798500,1,85.7810
2.799950,2,114.3440
2.801400,1,74.6250
2.802850,2,110.9060
2.804300,1,63.9530
2.805750,2,106.9840
2.807200,1,52.4060
2.808650,2,102.8750
2.810100,1,41.7500
2.811550,2,98.4690
2.813000,1,30.1410
2.814450,2,93.7340
2.815900,1,18.7970
2.817350,2,88.3440
2.818800,1,7.1560
2.820250,2,83.2660
2.821700,1,-4.4530
2.823150,2,77.1250
2.824600,1,-16.0000
2.826050,2,71.5940
2.827500,1,-26.8440
2.828950,2,65.9380
2.830400,1,-38.2340
2.831850,2,59.6410
2.833300,1,-49.5620
2.834750,2,53.1720
2.836200,1,-60.6410
2.837650,2,46.2500
2.839100,1,-71.8750
2.840550,2,39.6250
2.842000,1,-82.3750
2.843450,2,33.1090
2.844900,1,-92.5940
2.846350,2,26.1090
2.847800,1,-103.0940
2.849250,2,19.2190
2.850700,1,-112.6250
2.852150,2,11.9220
2.853600,1,-122.2190
2.855050,2,5.7030
2.856500,1,-131.2340
2.857950,2,-1.7030
2.859400,1,-140.1870
2.860850,2,-9.1720
2.862300,1,-148.0160
2.863750,2,-16.2190
2.865200,1,-156.3440
2.866650,2,-23.4690
2.868100,1,-163.7340
2.869550,2,-30.2970
2.871000,1,-169.8750
2.872450,2,-37.4220
2.873900,1,-176.6250
2.875350,2,-44.2340
2.876800,1,-182.2500
2.878250,2,-50.7030
2.879700,1,-187.8590
2.881150,2,-57.0000
2.882600,1,-192.2810
2.884050,2,-63.4530
2.885500,1,-196.2660
2.886950,2,-69.1560
2.888400,1,-199.8120
2.889850,2,-75.1250
2.891300,1,-203.0310
2.892750,2,-80.8750
2.894200,1,-205.0470
2.895650,2,-86.7810
2.897100,1,-206.8120
2.898550,2,-91.8280
2.900000,1,-207.3280
2.901450,2,-96.7500
2.902900,1,-208.1090
2.904350,2,-101.3440
2.905800,1,-207.7970
2.907250,2,-106.0160
2.908700,1,-206.7660
2.910150,2,-109.8590
2.911600,1,-205.1720
2.913050,2,-113.1870
2.914500,1,-203.0470
2.915950,2,-116.9370
2.917400,1,-200.4370
2.918850,2,-119.8120
2.920300,1,-197.1560
2.921750,2,-122.4370
2.923200,1,-192.8750
2.924650,2,-124.7190
2.926100,1,-188.7340
2.927550,2,-126.2810
2.929000,1,-183.0780
2.930450,2,-127.8440
2.931900,1,-177.7500
2.933350,2,-128.7660
2.934800,1,-171.6560
2.936250,2,-129.5160
2.937700,1,-164.7970
2.939150,2,-130.0160
2.940600,1,-157.9220
2.942050,2,-129.3280
2.943500,1,-149.5160
2.944950,2,-128.9370
2.946400,1,-141.5620
2.947850,2,-128.3910
2.949300,1,-133.3120
2.950750,2,-126.8440
2.952200,1,-123.7970
2.953650,2,-125.3440
2.955100,1,-114.5160
2.956550,2,-123.5780
2.958000,1,-104.7190
2.959450,2,-121.4220
2.960900,1,-94.7500
2.962350,2,-119.0310
2.963800,1,-83.9690
2.965250,2,-115.0000
2.966700,1,-73.6410
2.968150,2,-111.8590
2.969600,1,-63.0310
2.971050,2,-108.1410
2.972500,1,-51.9530
2.973950,2,-103.5940
2.975400,1,-40.7500
2.976850,2,-99.0000
2.978300,1,-29.6560
2.979750,2,-94.7190
2.981200,1,-18.0620
2.982650,2,-89.7500
2.984100,1,-6.5780
2.985550,2,-84.0310
2.987000,1,5.0780
2.988450,2,-78.7190
2.989900,1,16.1090
2.991350,2,-73.1090
2.992800,1,27.6250
2.994250,2,-66.7500
2.995700,1,39.1410
2.997150,2,-61.0940
2.998600,1,50.5780
3.000050,2,-54.5000
3.001500,1,61.5780
3.002950,2,-48.0470
3.004400,1,72.3590
3.005850,2,-41.1560
3.007300,1,83.1250
3.008750,2,-34.3440
3.010200,1,93.4530
3.011650,2,-27.2500
3.013100,1,103.6410
3.014550,2,-20.3120
3.016000,1,113.5000
3.017450,2,-13.3120
3.018900,1,123.5310
3.020350,2,-6.1250
3.021800,1,132.4530
3.023250,2,0.2030
3.024700,1,140.6250
3.026150,2,7.9060
3.027600,1,149.0630
3.029050,2,15.0310
3.030500,1,156.9380
3.031950,2,22.4690
3.033400,1,164.1880
3.034850,2,29.3440
3.036300,1,170.9690
3.037750,2,35.6880
3.039200,1,177.3910
3.040650,2,42.6560
3.042100,1,183.0630
3.043550,2,49.4220
3.045000,1,188.4530
3.046450,2,55.7970
3.047900,1,193.0310
3.049350,2,62.7810
3.050800,1,197.7190
3.052250,2,68.6090
3.053700,1,201.0470
3.055150,2,74.0780
3.056600,1,204.1720
3.058050,2,79.5940
3.059500,1,206.6090
3.060950,2,85.5470
3.062400,1,208.1720
3.063850,2,90.6090
3.065300,1,209.1560
3.066750,2,95.6880
3.068200,1,209.7030
3.069650,2,100.1410
3.071100,1,209.6410
3.072550,2,104.4840
3.074000,1,209.0630
3.075450,2,108.5780
3.076900,1,207.0310
3.078350,2,112.3130
3.079800,1,204.8590
3.081250,2,115.4220
3.082700,1,202.1250
3.084150,2,118.3440
3.085600,1,198.8910
3.087050,2,121.5000
3.088500,1,194.7500
3.089950,2,123.2970
3.091400,1,190.3440
3.092850,2,125.4380
3.094300,1,185.0630
3.095750,2,127.2970
3.097200,1,180.0160
3.098650,2,128.0160
3.100100,1,173.5160
3.101550,2,128.8440
3.103000,1,166.5780
3.104450,2,128.8590
3.105900,1,160.0160
3.107350,2,129.2500
3.108800,1,151.9220
3.110250,2,128.7500
3.111700,1,143.4690
3.113150,2,127.4530
3.114600,1,135.4530
3.116050,2,126.8280
3.117500,1,126.5160
3.118950,2,125.4380
3.120400,1,116.9840
3.121850,2,123.0780
3.123300,1,107.2660
3.124750,2,120.6560
3.126200,1,97.0310
3.127650,2,117.7190
3.129100,1,86.5160
3.130550,2,114.2030
3.132000,1,76.2190
3.133450,2,111.2810
3.134900,1,65.5940
3.136350,2,107.3910
3.137800,1,54.3750
3.139250,2,103.5470
3.140700,1,43.0470
3.142150,2,99.1250
3.143600,1,32.1250
3.145050,2,94.2190
3.146500,1,20.4060
3.147950,2,88.7970
3.149400,1,8.6880
3.150850,2,83.7970
3.152300,1,-2.7500
3.153750,2,78.2340
3.155200,1,-13.5940
3.156650,2,72.6880
3.158100,1,-25.5940
3.159550,2,66.6720
3.161000,1,-36.8590
3.162450,2,60.2970
3.163900,1,-47.8750
3.165350,2,54.0780
3.166800,1,-59.0310
3.168250,2,47.2660
3.169700,1,-69.9060
3.171150,2,40.9380
3.172600,1,-80.8750
3.174050,2,33.7340
3.175500,1,-91.2970
3.176950,2,26.9220
3.178400,1,-101.0940
3.179850,2,20.6880
3.181300,1,-111.3910
3.182750,2,13.3750
3.184200,1,-120.5780
3.185650,2,6.0940
3.187100,1,-130.0310
3.188550,2,-1.0160
3.190000,1,-138.9370
3.191450,2,-7.8440
3.192900,1,-146.8910
3.194350,2,-15.2340
3.195800,1,-155.0780
3.197250,2,-21.8910
3.198700,1,-162.4530
3.200150,2,-29.3280
3.201600,1,-169.2810
3.203050,2,-36.3120
3.204500,1,-175.8910
3.205950,2,-42.9530
3.207400,1,-181.7030
3.208850,2,-49.7500
3.210300,1,-187.0470
3.211750,2,-56.6250
3.213200,1,-191.6090
3.214650,2,-62.6560
3.216100,1,-195.2970
3.217550,2,-68.7340
3.219000,1,-199.4690
3.220450,2,-74.6250
3.221900,1,-202.1090
3.223350,2,-80.4530
3.224800,1,-204.4840
3.226250,2,-85.7340
3.227700,1,-206.4690
3.229150,2,-90.7190
3.230600,1,-207.2340
3.232050,2,-96.2030
3.233500,1,-208.0000
3.234950,2,-101.0000
3.236400,1,-207.8120
3.237850,2,-105.4840
3.239300,1,-207.2340
3.240750,2,-109.5160
3.242200,1,-205.7190
3.243650,2,-112.5940
3.245100,1,-203.5620
3.246550,2,-116.2970
3.248000,1,-201.1090
3.249450,2,-119.3280
3.250900,1,-197.6560
3.252350,2,-121.4370
3.253800,1,-193.3440
3.255250,2,-123.6870
3.256700,1,-189.1720
3.258150,2,-125.9530
3.259600,1,-184.3280
3.261050,2,-127.3910
3.262500,1,-178.4370
3.263950,2,-128.9060
3.265400,1,-172.4530
3.266850,2,-129.2190
3.268300,1,-166.1410
3.269750,2,-129.5940
3.271200,1,-158.7190
3.272650,2,-129.9220
3.274100,1,-151.3440
3.275550,2,-129.9370
3.277000,1,-143.0000
3.278450,2,-128.7970
3.279900,1,-134.0780
3.281350,2,-126.7810
3.282800,1,-125.7500
3.284250,2,-125.3750
3.285700,1,-116.2970
3.287150,2,-123.7190
3.288600,1,-106.4690
3.290050,2,-121.4690
3.291500,1,-96.2810
3.292950,2,-118.9370
3.294400,1,-86.5310
3.295850,2,-115.7970
3.297300,1,-75.6720
3.298750,2,-112.3750
3.300200,1,-64.6560
3.301650,2,-108.9530
3.303100,1,-53.4370
3.304550,2,-104.7190
3.306000,1,-42.2340
3.307450,2,-100.5940
3.308900,1,-31.2030
3.310350,2,-95.6090
3.311800,1,-20.0000
3.313250,2,-90.2970
3.314700,1,-8.1410
3.316150,2,-85.5470
3.317600,1,3.0470
3.319050,2,-79.7500
3.320500,1,14.9220
3.321950,2,-73.8910
3.323400,1,26.3280
3.324850,2,-67.8120
3.326300,1,37.3750
3.327750,2,-62.0000
3.329200,1,48.9690
3.330650,2,-55.0780
3.332100,1,59.7810
3.333550,2,-48.4530
3.335000,1,70.7500
3.336450,2,-42.2660
3.337900,1,81.3910
3.339350,2,-35.5160
3.340800,1,91.7970
3.342250,2,-28.2340
3.343700,1,102.2810
3.345150,2,-21.3120
3.346600,1,112.0000
3.348050,2,-14.2970
3.349500,1,121.6720
3.350950,2,-7.7340
3.352400,1,131.3750
3.353850,2,-0.3120
3.355300,1,139.5940
3.356750,2,6.9690
3.358200,1,147.9690
3.359650,2,14.2660
3.361100,1,155.9220
3.362550,2,21.3750
3.364000,1,163.2030
3.365450,2,28.1560
3.366900,1,170.2810
3.368350,2,34.7340
3.369800,1,176.8590
3.371250,2,41.7970
3.372700,1,182.8910
3.374150,2,48.2190
3.375600,1,187.6720
3.377050,2,55.3130
3.378500,1,193.1250
3.379950,2,61.1560
3.381400,1,197.2810
3.382850,2,67.5310
3.384300,1,200.2970
3.385750,2,73.5780
3.387200,1,203.8750
3.388650,2,79.7030
3.390100,1,206.1880
3.391550,2,84.5780
3.393000,1,208.4060
3.394450,2,89.9840
3.395900,1,209.3130
3.397350,2,94.8590
3.398800,1,209.4690
3.400250,2,99.3590
3.401700,1,209.9530
3.403150,2,103.8130
3.404600,1,208.8130
3.406050,2,108.0160
3.407500,1,207.0940
3.408950,2,111.7500
3.410400,1,204.9380
3.411850,2,115.2340
3.413300,1,202.7190
3.414750,2,118.0780
3.416200,1,199.4380
3.417650,2,121.0000
3.419100,1,195.3910
3.420550,2,122.7340
3.422000,1,190.6410
3.423450,2,125.1250
3.424900,1,186.4530
3.426350,2,127.1560
3.427800,1,180.6880
3.429250,2,128.2500
3.430700,1,174.7190
3.432150,2,128.3750
3.433600,1,167.7190
3.435050,2,128.8910
3.436500,1,160.5780
3.437950,2,129.5000
3.439400,1,153.4060
3.440850,2,128.5000
3.442300,1,145.0310
3.443750,2,127.6090
3.445200,1,136.0780
3.446650,2,126.9060
3.448100,1,127.2030
3.449550,2,125.1090
3.451000,1,117.8910
3.452450,2,122.9060
3.453900,1,108.5000
3.455350,2,121.0000
3.456800,1,98.9530
3.458250,2,117.8440
3.459700,1,88.7190
3.461150,2,115.4530
3.462600,1,77.7970
3.464050,2,111.5940
3.465500,1,67.1720
3.466950,2,108.3440
3.468400,1,55.4840
3.469850,2,103.7500
3.471300,1,45.1250
3.472750,2,99.5310
3.474200,1,33.4220
3.475650,2,94.7660
3.477100,1,22.2810
3.478550,2,89.9380
3.480000,1,10.7340
3.481450,2,84.6880
3.482900,1,-0.7190
3.484350,2,79.1410
3.485800,1,-12.2810
3.487250,2,73.4380
3.488700,1,-23.3750
3.490150,2,67.3750
3.491600,1,-35.2810
3.493050,2,61.3590
3.494500,1,-46.7810
3.495950,2,54.9690
3.497400,1,-57.5620
3.498850,2,48.5630
3.500300,1,-68.4220
3.501750,2,42.1250
3.503200,1,-78.5000
3.504650,2,35.0780
3.506100,1,-89.4690
3.507550,2,27.7190
3.509000,1,-99.4060
3.510450,2,20.9380
3.511900,1,-109.4530
3.513350,2,13.7810
3.514800,1,-119.5620
3.516250,2,6.9530
3.517700,1,-128.2660
3.519150,2,-0.2810
3.520600,1,-137.0310
3.522050,2,-6.9690
3.523500,1,-145.5940
3.524950,2,-14.7810
3.526400,1,-153.9220
3.527850,2,-21.4060
3.529300,1,-160.7810
3.530750,2,-28.0780
3.532200,1,-168.2030
3.533650,2,-34.9530
3.535100,1,-174.6410
3.536550,2,-42.2190
3.538000,1,-180.8280
3.539450,2,-49.2500
3.540900,1,-186.5780
3.542350,2,-55.0620
3.543800,1,-191.3120
3.545250,2,-60.9840
3.546700,1,-194.8590
3.548150,2,-68.2500
3.549600,1,-199.0940
3.551050,2,-73.7030
3.552500,1,-201.8440
3.553950,2,-79.7660
3.555400,1,-204.6090
3.556850,2,-84.8280
3.558300,1,-206.1250
3.559750,2,-89.9220
3.561200,1,-207.2810
3.562650,2,-95.1560
3.564100,1,-208.0470
3.565550,2,-99.7970
3.567000,1,-207.6410
3.568450,2,-104.4370
3.569900,1,-207.4840
3.571350,2,-108.1090
3.572800,1,-205.7970
3.574250,2,-112.3590
3.575700,1,-203.9060
3.577150,2,-115.5000
3.578600,1,-201.3910
3.580050,2,-119.0620
3.581500,1,-198.3440
3.582950,2,-120.9840
3.584400,1,-193.7660
3.585850,2,-123.8120
3.587300,1,-189.9220
3.588750,2,-125.8910
3.590200,1,-185.0620
3.591650,2,-127.8590
3.593100,1,-179.4690
3.594550,2,-128.4840
3.596000,1,-173.8910
3.597450,2,-129.3280
3.598900,1,-167.4220
3.600350,2,-129.4220
3.601800,1,-159.4690
3.603250,2,-129.8280
3.604700,1,-151.7970
3.606150,2,-129.2500
3.607600,1,-144.1410
3.609050,2,-128.4840
3.610500,1,-135.8280
3.611950,2,-127.2340
3.613400,1,-126.4060
3.614850,2,-126.2970
3.616300,1,-117.8440
3.617750,2,-124.3280
3.619200,1,-108.1410
3.620650,2,-122.3120
3.622100,1,-98.3280
3.623550,2,-119.1720
3.625000,1,-87.5470
3.626450,2,-116.0780
3.627900,1,-77.2030
3.629350,2,-112.9220
3.630800,1,-66.5780
3.632250,2,-109.5620
3.633700,1,-54.9370
3.635150,2,-105.4840
3.636600,1,-43.5620
3.638050,2,-100.7340
3.639500,1,-32.3120
3.640950,2,-96.1090
3.642400,1,-21.7030
3.643850,2,-91.4840
3.645300,1,-9.9060
3.646750,2,-85.5780
3.648200,1,1.9220
3.649650,2,-80.6720
3.651100,1,13.0160
3.652550,2,-75.0940
3.654000,1,24.5940
3.655450,2,-68.7190
3.656900,1,35.3750
3.658350,2,-62.4370
3.659800,1,46.7970
3.661250,2,-56.5940
3.662700,1,58.2660
3.664150,2,-49.7660
3.665600,1,69.4060
3.667050,2,-43.1250
3.668500,1,79.8750
3.669950,2,-36.8440
3.671400,1,90.0470
3.672850,2,-29.4370
3.674300,1,100.7500
3.675750,2,-22.1720
3.677200,1,110.6250
3.678650,2,-15.3590
3.680100,1,120.6410
3.681550,2,-8.9220
3.683000,1,129.3440
3.684450,2,-1.2660
3.685900,1,138.7190
3.687350,2,5.7970
3.688800,1,146.5310
3.690250,2,13.0780
3.691700,1,154.9840
3.693150,2,19.5630
3.694600,1,162.1720
3.696050,2,27.1250
3.697500,1,169.2500
3.698950,2,34.1880
3.700400,1,175.9690
3.701850,2,40.9530
3.703300,1,181.7970
3.704750,2,47.6560
3.706200,1,187.1250
3.707650,2,54.2810
3.709100,1,192.2810
3.710550,2,60.2810
3.712000,1,196.0940
3.713450,2,66.5630
3.714900,1,200.5160
3.716350,2,72.5630
3.717800,1,203.3910
3.719250,2,78.2810
3.720700,1,205.5470
3.722150,2,84.3750
3.723600,1,208.0000
3.725050,2,89.1410
3.726500,1,208.9220
3.727950,2,94.1250
3.729400,1,209.8440
3.730850,2,98.7970
3.732300,1,208.8910
3.733750,2,103.1250
3.735200,1,208.9060
3.736650,2,107.8440
3.738100,1,207.8440
3.739550,2,111.1090
3.741000,1,205.4060
3.742450,2,114.6410
3.743900,1,203.1090
3.745350,2,117.5470
3.746800,1,200.3440
3.748250,2,120.4220
3.749700,1,196.4060
3.751150,2,123.0160
3.752600,1,192.2190
3.754050,2,124.8440
3.755500,1,187.2030
3.756950,2,126.7660
3.758400,1,181.4220
3.759850,2,127.5000
3.761300,1,175.7660
3.762750,2,128.6090
3.764200,1,169.5160
3.765650,2,129.2810
3.767100,1,161.9380
3.768550,2,128.9840
3.770000,1,154.5310
3.771450,2,128.8910
3.772900,1,146.2660
3.774350,2,127.8440
3.775800,1,138.0470
3.777250,2,127.0630
3.778700,1,129.1090
3.780150,2,125.1720
3.781600,1,119.7190
3.783050,2,123.3750
3.784500,1,110.6250
3.785950,2,121.4220
3.787400,1,99.7810
3.788850,2,118.7340
3.790300,1,90.1090
3.791750,2,115.8130
3.793200,1,79.3910
3.794650,2,112.1880
3.796100,1,68.1880
3.797550,2,108.3750
3.799000,1,57.2810
3.800450,2,104.1560
3.801900,1,46.7340
3.803350,2,100.0940
3.804800,1,35.2030
3.806250,2,95.5940
3.807700,1,24.4380
3.809150,2,90.6090
3.810600,1,12.6720
3.812050,2,85.4220
3.813500,1,1.2660
3.814950,2,80.4530
3.816400,1,-10.7660
3.817850,2,74.4060
3.819300,1,-21.9840
3.820750,2,68.7970
3.822200,1,-32.8910
3.823650,2,62.4530
3.825100,1,-44.4530
3.826550,2,55.7970
3.828000,1,-55.6090
3.829450,2,49.6410
3.830900,1,-66.5470
3.832350,2,42.8280
3.833800,1,-77.4690
3.835250,2,36.2970
3.836700,1,-87.8280
3.838150,2,29.3440
3.839600,1,-98.0470
3.841050,2,22.6090
3.842500,1,-108.7810
3.843950,2,15.3280
3.845400,1,-117.6870
3.846850,2,8.6250
3.848300,1,-127.4530
3.849750,2,1.0470
3.851200,1,-136.0000
3.852650,2,-6.1090
3.854100,1,-144.9840
3.855550,2,-12.9690
3.857000,1,-152.4530
3.858450,2,-20.2030
3.859900,1,-160.0310
3.861350,2,-27.0310
3.862800,1,-167.3910
3.864250,2,-34.2030
3.865700,1,-173.7340
3.867150,2,-41.0160
3.868600,1,-179.4530
3.870050,2,-47.6090
3.871500,1,-185.2190
3.872950,2,-54.6250
3.874400,1,-189.8120
3.875850,2,-60.9370
3.877300,1,-194.7660
3.878750,2,-66.9370
3.880200,1,-198.4220
3.881650,2,-72.8120
3.883100,1,-201.7500
3.884550,2,-78.4690
3.886000,1,-204.0620
3.887450,2,-84.2660
3.888900,1,-205.5620
3.890350,2,-89.4370
3.891800,1,-207.4840
3.893250,2,-94.7660
3.894700,1,-207.5780
3.896150,2,-99.4840
3.897600,1,-207.5940
3.899050,2,-103.8910
3.900500,1,-207.3440
3.901950,2,-107.9370
3.903400,1,-206.5160
3.904850,2,-111.5470
3.906300,1,-203.8750
3.907750,2,-115.0940
3.909200,1,-201.7660
3.910650,2,-118.1870
3.912100,1,-198.4530
3.913550,2,-121.2030
3.915000,1,-195.0000
3.916450,2,-123.7340
3.917900,1,-190.7970
3.919350,2,-125.7340
3.920800,1,-185.5000
3.922250,2,-127.0620
3.923700,1,-179.9690
3.925150,2,-128.2810
3.926600,1,-174.6870
3.928050,2,-129.3750
3.929500,1,-167.8440
3.930950,2,-129.9840
3.932400,1,-161.2340
3.933850,2,-130.0160
3.935300,1,-152.8440
3.936750,2,-129.5000
3.938200,1,-145.6720
3.939650,2,-129.0780
3.941100,1,-137.1250
3.942550,2,-127.7970
3.944000,1,-127.5310
3.945450,2,-126.4370
3.946900,1,-119.0780
3.948350,2,-124.6090
3.949800,1,-109.2660
3.951250,2,-122.2970
3.952700,1,-99.0780
3.954150,2,-119.4060
3.955600,1,-89.3440
3.957050,2,-116.7030
3.958500,1,-78.4690
3.959950,2,-113.2970
3.961400,1,-67.9060
3.962850,2,-109.5160
3.964300,1,-56.8590
3.965750,2,-105.9530
3.967200,1,-45.6410
3.968650,2,-101.5620
3.970100,1,-34.9840
3.971550,2,-96.8750
3.973000,1,-23.3280
3.974450,2,-91.8120
3.975900,1,-11.6720
3.977350,2,-86.5000
3.978800,1,-0.3440
3.980250,2,-81.1410
3.981700,1,11.2810
3.983150,2,-75.7810
3.984600,1,22.5470
3.986050,2,-70.0310
3.987500,1,34.2340
3.988950,2,-63.4690
3.990400,1,45.1560
3.991850,2,-57.3120
3.993300,1,56.3440
3.994750,2,-51.0160
3.996200,1,67.3910
3.997650,2,-44.2970
3.999100,1,78.2660
4.000550,2,-37.4060
4.002000,1,88.9060
4.003450,2,-30.7500
4.004900,1,98.9530
4.006350,2,-23.7660
4.007800,1,109.1560
4.009250,2,-16.7970
4.010700,1,118.4690
4.012150,2,-9.1560
4.013600,1,127.9840
4.015050,2,-2.2970
4.016500,1,136.8440
4.017950,2,5.0630
4.019400,1,145.3750
4.020850,2,12.0160
4.022300,1,153.6720
4.023750,2,19.0630
4.025200,1,160.9220
4.026650,2,25.8440
4.028100,1,168.4060
4.029550,2,33.6090
4.031000,1,175.1090
4.032450,2,39.3910
4.033900,1,180.8280
4.035350,2,46.7660
4.036800,1,186.7030
4.038250,2,52.9220
4.039700,1,191.4690
4.041150,2,59.3750
4.042600,1,196.3280
4.044050,2,65.7340
4.045500,1,199.5470
4.046950,2,72.0000
4.048400,1,202.9380
4.049850,2,77.2660
4.051300,1,205.5470
4.052750,2,82.3750
4.054200,1,207.1880
4.055650,2,88.1410
4.057100,1,208.8130
4.058550,2,93.6410
4.060000,1,209.2970
4.061450,2,98.3910
4.062900,1,209.6250
4.064350,2,102.6090
4.065800,1,208.9690
4.067250,2,106.8590
4.068700,1,207.5470
4.070150,2,110.7660
4.071600,1,206.0780
4.073050,2,113.8750
4.074500,1,203.4380
4.075950,2,117.5470
4.077400,1,200.6090
4.078850,2,119.8750
4.080300,1,196.7500
4.081750,2,122.4690
4.083200,1,192.2970
4.084650,2,124.8910
4.086100,1,187.8130
4.087550,2,126.1410
4.089000,1,182.3590
4.090450,2,127.6880
4.091900,1,176.7660
4.093350,2,128.4220
4.094800,1,169.7340
4.096250,2,128.6720
4.097700,1,162.6880
4.099150,2,128.9060
4.100600,1,155.7340
4.102050,2,129.0940
4.103500,1,147.6880
4.104950,2,128.0000
4.106400,1,139.0940
4.107850,2,127.2810
4.109300,1,130.3280
4.110750,2,125.9380
4.112200,1,121.1250
4.113650,2,123.9060
4.115100,1,111.8910
4.116550,2,122.0000
4.118000,1,101.9060
4.119450,2,118.8910
4.120900,1,91.1250
4.122350,2,116.2190
4.123800,1,81.1250
4.125250,2,112.8910
4.126700,1,70.2190
4.128150,2,109.2030
4.129600,1,59.4060
4.131050,2,105.1720
4.132500,1,48.2660
4.133950,2,101.3910
4.135400,1,36.7810
4.136850,2,96.3750
4.138300,1,25.5630
4.139750,2,91.8590
4.141200,1,14.3750
4.142650,2,85.9220
4.144100,1,3.0940
4.145550,2,80.8910
4.147000,1,-8.9690
4.148450,2,75.3750
4.149900,1,-20.7660
4.151350,2,69.4060
4.152800,1,-31.4840
4.154250,2,63.6250
4.155700,1,-42.7660
4.157150,2,56.4690
4.158600,1,-54.1410
4.160050,2,50.2810
4.161500,1,-65.1090
4.162950,2,44.0000
4.164400,1,-75.6720
4.165850,2,36.9220
4.167300,1,-86.4530
4.168750,2,30.4690
4.170200,1,-96.8120
4.171650,2,23.1560
4.173100,1,-107.3910
4.174550,2,16.2970
4.176000,1,-116.6410
4.177450,2,9.0000
4.178900,1,-125.9060
4.180350,2,1.6250
4.181800,1,-134.7030
4.183250,2,-5.3590
4.184700,1,-143.2660
4.186150,2,-12.1560
4.187600,1,-151.4840
4.189050,2,-19.2030
4.190500,1,-159.2970
4.191950,2,-26.1870
4.193400,1,-165.8440
4.194850,2,-33.8590
4.196300,1,-173.0620
4.197750,2,-39.7810
4.199200,1,-178.9840
4.200650,2,-46.9690
4.202100,1,-184.5620
4.203550,2,-53.3910
4.205000,1,-189.4370
4.206450,2,-59.6870
4.207900,1,-194.0000
4.209350,2,-66.0470
4.210800,1,-198.2810
4.212250,2,-72.1560
4.213700,1,-201.1250
4.215150,2,-77.6720
4.216600,1,-203.4690
4.218050,2,-83.6560
4.219500,1,-205.5940
4.220950,2,-88.7660
4.222400,1,-206.8750
4.223850,2,-93.6720
4.225300,1,-207.8280
4.226750,2,-98.8910
4.228200,1,-207.7810
4.229650,2,-103.7970
4.231100,1,-207.3440
4.232550,2,-107.5160
4.234000,1,-206.2190
4.235450,2,-111.2340
4.236900,1,-204.7030
4.238350,2,-114.9060
4.239800,1,-201.7660
4.241250,2,-118.0780
4.242700,1,-199.4060
4.244150,2,-120.7810
4.245600,1,-195.2660
4.247050,2,-123.0310
4.248500,1,-191.1720
4.249950,2,-125.2500
4.251400,1,-186.6560
4.252850,2,-126.5940
4.254300,1,-181.4220
4.255750,2,-127.8440
4.257200,1,-175.1560
4.258650,2,-129.1560
4.260100,1,-168.7340
4.261550,2,-129.7660
4.263000,1,-162.4530
4.264450,2,-129.9220
4.265900,1,-154.3910
4.267350,2,-129.4690
4.268800,1,-146.4840
4.270250,2,-129.4370
4.271700,1,-138.2190
4.273150,2,-127.8120
4.274600,1,-129.1720
4.276050,2,-126.3590
4.277500,1,-119.9370
4.278950,2,-124.6410
4.280400,1,-111.0000
4.281850,2,-122.9370
4.283300,1,-100.9840
4.284750,2,-119.8910
4.286200,1,-90.4370
4.287650,2,-116.9060
4.289100,1,-80.2190
4.290550,2,-114.1090
4.292000,1,-69.5780
4.293450,2,-110.6090
4.294900,1,-58.3910
4.296350,2,-105.8280
4.297800,1,-47.5620
4.299250,2,-102.2660
4.300700,1,-36.0940
4.302150,2,-97.3280
4.303600,1,-24.6090
4.305050,2,-92.7660
4.306500,1,-13.6250
4.307950,2,-87.4220
4.309400,1,-1.6410
4.310850,2,-82.2500
4.312300,1,9.7030
4.313750,2,-76.6870
4.315200,1,20.7500
4.316650,2,-70.9220
4.318100,1,32.2660
4.319550,2,-64.7810
4.321000,1,43.5160
4.322450,2,-58.3440
4.323900,1,54.4380
4.325350,2,-51.9840
4.326800,1,65.8910
4.328250,2,-45.2190
4.329700,1,76.5470
4.331150,2,-38.9220
4.332600,1,87.8590
4.334050,2,-31.5000
4.335500,1,97.5940
4.336950,2,-24.4220
4.338400,1,107.7340
4.339850,2,-18.0310
4.341300,1,117.8130
4.342750,2,-10.3440
4.344200,1,126.5780
4.345650,2,-3.5940
4.347100,1,135.2810
4.348550,2,3.5000
4.350000,1,144.4060
4.351450,2,11.0940
4.352900,1,152.5470
4.354350,2,17.9840
4.355800,1,159.7970
4.357250,2,24.7810
4.358700,1,167.5000
4.360150,2,31.6560
4.361600,1,173.9690
4.363050,2,38.6720
4.364500,1,180.2970
4.365950,2,45.5310
4.367400,1,185.4380
4.368850,2,51.7660
4.370300,1,190.6880
4.371750,2,58.4060
4.373200,1,195.1720
4.374650,2,65.1560
4.376100,1,198.7810
4.377550,2,71.4840
4.379000,1,202.8590
4.380450,2,76.5310
4.381900,1,205.0160
4.383350,2,82.1090
4.384800,1,207.4060
4.386250,2,87.4840
4.387700,1,208.1410
4.389150,2,92.4380
4.390600,1,209.2660
4.392050,2,97.4840
4.393500,1,209.0940
4.394950,2,101.7500
4.396400,1,209.1720
4.397850,2,106.2030
4.399300,1,207.8440
4.400750,2,110.2190
4.402200,1,206.3440
4.403650,2,113.5780
4.405100,1,203.9530
4.406550,2,116.4690
4.408000,1,201.0310
4.409450,2,119.9840
4.410900,1,197.6720
4.412350,2,122.0000
4.413800,1,192.9530
4.415250,2,124.3280
4.416700,1,188.2030
4.418150,2,125.9690
4.419600,1,182.7340
4.421050,2,127.1720
4.422500,1,177.4060
4.423950,2,128.2030
4.425400,1,171.1880
4.426850,2,128.3440
4.428300,1,164.5160
4.429750,2,129.2030
4.431200,1,156.4840
4.432650,2,129.0000
4.434100,1,148.9220
4.435550,2,127.9060
4.437000,1,140.6090
4.438450,2,127.8440
4.439900,1,131.8440
4.441350,2,125.7810
4.442800,1,122.7660
4.444250,2,123.8280
4.445700,1,112.9220
4.447150,2,121.8280
4.448600,1,103.1410
4.450050,2,119.6560
4.451500,1,93.3130
4.452950,2,116.2190
4.454400,1,82.9060
4.455850,2,113.1090
4.457300,1,71.5940
4.458750,2,109.5310
4.460200,1,61.1410
4.461650,2,106.1250
4.463100,1,49.6090
4.464550,2,101.8130
4.466000,1,38.8750
4.467450,2,96.6880
4.468900,1,27.2810
4.470350,2,92.7500
4.471800,1,15.6880
4.473250,2,87.0470
4.474700,1,4.3280
4.476150,2,81.6720
4.477600,1,-7.1560
4.479050,2,75.9220
4.480500,1,-18.5620
4.481950,2,70.4530
4.483400,1,-30.2340
4.484850,2,64.1720
4.486300,1,-41.3910
4.487750,2,57.5940
4.489200,1,-52.4690
4.490650,2,51.6720
4.492100,1,-63.1870
4.493550,2,44.7970
4.495000,1,-74.5000
4.496450,2,37.8590
4.497900,1,-84.7190
4.499350,2,31.7030
4.500800,1,-95.0780
4.502250,2,24.6410
4.503700,1,-105.2190
4.505150,2,17.3280
4.506600,1,-114.8280
4.508050,2,10.2970
4.509500,1,-124.3590
4.510950,2,2.8280
4.512400,1,-133.2970
4.513850,2,-3.8590
4.515300,1,-141.7500
4.516750,2,-11.2500
4.518200,1,-150.3910
4.519650,2,-18.6870
4.521100,1,-157.6720
4.522550,2,-25.3440
4.524000,1,-164.9370
4.525450,2,-32.1250
4.526900,1,-172.1090
4.528350,2,-39.1870
4.529800,1,-178.0620
4.531250,2,-45.9220
4.532700,1,-183.6090
4.534150,2,-52.4840
4.535600,1,-188.5160
4.537050,2,-58.8120
4.538500,1,-193.2660
4.539950,2,-65.2970
4.541400,1,-197.2810
4.542850,2,-70.5940
4.544300,1,-200.6720
4.545750,2,-77.2340
4.547200,1,-203.2500
4.548650,2,-82.6870
4.550100,1,-205.0000
4.551550,2,-88.7030
4.553000,1,-206.7810
4.554450,2,-93.1720
4.555900,1,-208.0470
4.557350,2,-97.6250
4.558800,1,-207.9840
4.560250,2,-102.5620
4.561700,1,-207.9370
4.563150,2,-106.4530
4.564600,1,-205.7340
4.566050,2,-110.3590
4.567500,1,-205.5620
4.568950,2,-113.8910
4.570400,1,-202.3750
4.571850,2,-117.3440
4.573300,1,-199.4840
4.574750,2,-120.5160
4.576200,1,-196.3120
4.577650,2,-122.2500
4.579100,1,-192.1560
4.580550,2,-125.2340
4.582000,1,-187.4370
4.583450,2,-126.6090
4.584900,1,-182.2500
4.586350,2,-128.1720
4.587800,1,-176.4220
4.589250,2,-129.0160
4.590700,1,-169.7500
4.592150,2,-129.7810
4.593600,1,-162.8910
4.595050,2,-129.6560
4.596500,1,-155.4530
4.597950,2,-130.0620
4.599400,1,-147.5620
4.600850,2,-129.0940
4.602300,1,-138.9840
4.603750,2,-128.2030
4.605200,1,-130.6410
4.606650,2,-126.8910
4.608100,1,-121.2970
4.609550,2,-124.9840
4.611000,1,-112.1720
4.612450,2,-122.8750
4.613900,1,-102.5000
4.615350,2,-120.3280
4.616800,1,-92.3280
4.618250,2,-117.2500
4.619700,1,-81.5470
4.621150,2,-114.4370
4.622600,1,-71.2660
4.624050,2,-110.4060
4.625500,1,-60.1410
4.626950,2,-106.7810
4.628400,1,-49.2190
4.629850,2,-102.7660
4.631300,1,-38.0310
4.632750,2,-98.0160
4.634200,1,-26.4060
4.635650,2,-93.3910
4.637100,1,-15.1250
4.638550,2,-88.4690
4.640000,1,-3.4060
4.641450,2,-83.0620
4.642900,1,8.0000
4.644350,2,-77.5000
4.645800,1,19.1250
4.647250,2,-71.6560
4.648700,1,30.5000
4.650150,2,-65.8750
4.651600,1,41.8910
4.653050,2,-58.7810
4.654500,1,53.0630
4.655950,2,-52.8280
4.657400,1,63.8910
4.658850,2,-46.3440
4.660300,1,75.1560
4.661750,2,-39.3590
4.663200,1,85.8590
4.664650,2,-32.6410
4.666100,1,95.7660
4.667550,2,-25.8910
4.669000,1,106.3440
4.670450,2,-18.9370
4.671900,1,116.2030
4.673350,2,-11.3910
4.674800,1,125.7190
4.676250,2,-4.7340
4.677700,1,134.4690
4.679150,2,2.9530
4.680600,1,142.7970
4.682050,2,9.9380
4.683500,1,151.8280
4.684950,2,17.4530
4.686400,1,158.8440
4.687850,2,23.7190
4.689300,1,166.4380
4.690750,2,30.9060
4.692200,1,172.5780
4.693650,2,37.4840
4.695100,1,179.1720
4.696550,2,44.5160
4.698000,1,184.8590
4.699450,2,51.6720
4.700900,1,190.0470
4.702350,2,57.4060
4.703800,1,194.9530
4.705250,2,63.7970
4.706700,1,198.6250
4.708150,2,70.1090
4.709600,1,202.1560
4.711050,2,76.2970
4.712500,1,204.5630
4.713950,2,81.3750
4.715400,1,206.9380
4.716850,2,87.1090
4.718300,1,208.0940
4.719750,2,91.7500
4.721200,1,209.1090
4.722650,2,96.8130
4.724100,1,209.3130
4.725550,2,101.5310
4.727000,1,209.3280
4.728450,2,105.7030
4.729900,1,208.2500
4.731350,2,109.4840
4.732800,1,206.3130
4.734250,2,113.1250
4.735700,1,204.3910
4.737150,2,116.7030
4.738600,1,201.1880
4.740050,2,119.2190
4.741500,1,197.7030
4.742950,2,121.5780
4.744400,1,194.1090
4.745850,2,124.1090
4.747300,1,189.4840
4.748750,2,125.5940
4.750200,1,183.9840
4.751650,2,127.2500
4.753100,1,178.4060
4.754550,2,128.5310
4.756000,1,171.2810
4.757450,2,128.4690
4.758900,1,165.3750
4.760350,2,129.1410
4.761800,1,157.7500
4.763250,2,128.9220
4.764700,1,150.1250
4.766150,2,128.9380
4.767600,1,142.1560
4.769050,2,127.9220
4.770500,1,133.2810
4.771950,2,126.0940
4.773400,1,123.5470
4.774850,2,124.2660
4.776300,1,114.9380
4.777750,2,122.7030
4.779200,1,104.5310
4.780650,2,118.9380
4.782100,1,94.7500
4.783550,2,117.1880
4.785000,1,84.3750
4.786450,2,114.0780
4.787900,1,73.1250
4.789350,2,110.3440
4.790800,1,62.5160
4.792250,2,106.2340
4.793700,1,51.4380
4.795150,2,102.7500
4.796600,1,40.3130
4.798050,2,98.0780
4.799500,1,28.9220
4.800950,2,93.1880
4.802400,1,16.9840
4.803850,2,88.0000
4.805300,1,6.0310
4.806750,2,82.6560
4.808200,1,-5.2500
4.809650,2,77.3590
4.811100,1,-16.9220
4.812550,2,71.0630
4.814000,1,-28.3120
4.815450,2,65.2500
4.816900,1,-39.7810
4.818350,2,58.7810
4.819800,1,-50.9370
4.821250,2,52.6560
4.822700,1,-61.9530
4.824150,2,46.0000
4.825600,1,-72.5000
4.827050,2,39.4380
4.828500,1,-83.6870
4.829950,2,32.2810
4.831400,1,-93.4530
4.832850,2,25.2190
4.834300,1,-103.5940
4.835750,2,18.3590
4.837200,1,-113.1090
4.838650,2,11.5780
4.840100,1,-122.8440
4.841550,2,3.9530
4.843000,1,-131.8440
4.844450,2,-3.1250
4.845900,1,-141.3590
4.847350,2,-10.0620
4.848800,1,-148.2500
4.850250,2,-17.1870
4.851700,1,-156.4370
4.853150,2,-24.6560
4.854600,1,-164.4840
4.856050,2,-31.0620
4.857500,1,-170.6410
4.858950,2,-38.1410
4.860400,1,-177.0000
4.861850,2,-44.3590
4.863300,1,-182.9370
4.864750,2,-51.7660
4.866200,1,-188.0310
4.867650,2,-57.7970
4.869100,1,-192.9690
4.870550,2,-63.7340
4.872000,1,-196.6410
4.873450,2,-70.1870
4.874900,1,-199.6250
4.876350,2,-76.0310
4.877800,1,-202.8440
4.879250,2,-81.8910
4.880700,1,-205.1090
4.882150,2,-87.0780
4.883600,1,-206.9370
4.885050,2,-92.2810
4.886500,1,-207.6090
4.887950,2,-96.9840
4.889400,1,-207.8120
4.890850,2,-101.3440
4.892300,1,-207.4060
4.893750,2,-106.1250
4.895200,1,-207.0310
4.896650,2,-109.8440
4.898100,1,-205.2030
4.899550,2,-114.1560
4.901000,1,-202.6560
4.902450,2,-116.9840
4.903900,1,-200.4370
4.905350,2,-119.9220
4.906800,1,-196.9220
4.908250,2,-123.0780
4.909700,1,-192.5780
4.911150,2,-125.0160
4.912600,1,-188.0940
4.914050,2,-126.1870
4.915500,1,-183.0310
4.916950,2,-127.6870
4.918400,1,-177.2340
4.919850,2,-129.0310
4.921300,1,-171.0160
4.922750,2,-129.6560
4.924200,1,-164.2500
4.925650,2,-130.0780
4.927100,1,-156.8280
4.928550,2,-129.7810
4.930000,1,-148.7660
4.931450,2,-129.1560
4.932900,1,-140.7030
4.934350,2,-128.1720
4.935800,1,-132.3590
4.937250,2,-126.6410
4.938700,1,-123.1870
4.940150,2,-125.5780
4.941600,1,-113.4690
4.943050,2,-123.0310
4.944500,1,-103.6870
4.945950,2,-120.8440
4.947400,1,-93.7030
4.948850,2,-118.1720
4.950300,1,-83.3590
4.951750,2,-114.9840
4.953200,1,-73.0000
4.954650,2,-111.4060
4.956100,1,-61.4840
4.957550,2,-107.4060
4.959000,1,-50.7970
4.960450,2,-103.3590
4.961900,1,-39.5160
4.963350,2,-99.0000
4.964800,1,-28.4530
4.966250,2,-94.6870
4.967700,1,-16.8280
4.969150,2,-88.8750
4.970600,1,-5.3910
4.972050,2,-83.3280
4.973500,1,5.9530
4.974950,2,-78.0620
4.976400,1,17.5310
4.977850,2,-72.8120
4.979300,1,29.1410
4.980750,2,-66.7810
4.982200,1,40.5310
4.983650,2,-60.1720
4.985100,1,51.9840
4.986550,2,-53.6870
4.988000,1,62.6720
4.989450,2,-47.1250
4.990900,1,73.3440
4.992350,2,-40.4690
4.993800,1,84.1250
4.995250,2,-33.7810
4.996700,1,94.5160
4.998150,2,-26.6560
4.999600,1,105.2030
5.001050,2,-19.8280
5.002500,1,114.8440
5.003950,2,-12.6090
5.005400,1,123.9220
5.006850,2,-5.6250
5.008300,1,133.4060
5.009750,2,1.4220
5.011200,1,142.3910
5.012650,2,8.3130
5.014100,1,150.2190
5.015550,2,15.7810
5.017000,1,157.2340
5.018450,2,22.5630
5.019900,1,165.1720
5.021350,2,29.8280
5.022800,1,172.0160
5.024250,2,36.3910
5.025700,1,177.9530
5.027150,2,43.3910
5.028600,1,184.5160
5.030050,2,50.1560
5.031500,1,189.3750
5.032950,2,56.6880
5.034400,1,194.1560
5.035850,2,62.8130
5.037300,1,198.2030
5.038750,2,69.2970
5.040200,1,201.5940
5.041650,2,74.8750
5.043100,1,203.9840
5.044550,2,80.6880
5.046000,1,206.4690
5.047450,2,85.8440
5.048900,1,208.4220
5.050350,2,91.1560
5.051800,1,209.5470
5.053250,2,96.2500
5.054700,1,209.9690
5.056150,2,100.2190
5.057600,1,209.5780
5.059050,2,105.1090
5.060500,1,208.4380
5.061950,2,108.8910
5.063400,1,206.6560
5.064850,2,112.6560
5.066300,1,204.8910
5.067750,2,116.1410
5.069200,1,201.6880
5.070650,2,118.9220
5.072100,1,198.6720
5.073550,2,121.7500
5.075000,1,194.8590
5.076450,2,123.3280
5.077900,1,190.5940
5.079350,2,125.5940
5.080800,1,184.8750
5.082250,2,127.3440
5.083700,1,179.4380
5.085150,2,127.9220
5.086600,1,173.0940
5.088050,2,128.7340
5.089500,1,166.0160
5.090950,2,129.0160
5.092400,1,159.1880
5.093850,2,128.7810
5.095300,1,151.2190
5.096750,2,128.5470
5.098200,1,142.8280
5.099650,2,127.3910
5.101100,1,134.3590
5.102550,2,126.6090
5.104000,1,125.8130
5.105450,2,124.6560
5.106900,1,115.7970
5.108350,2,122.5630
5.109800,1,105.8440
5.111250,2,119.9530
5.112700,1,96.3910
5.114150,2,117.0160
5.115600,1,85.6560
5.117050,2,114.4690
5.118500,1,74.8280
5.119950,2,111.0470
5.121400,1,64.6410
5.122850,2,106.9530
5.124300,1,52.7500
5.125750,2,102.5630
5.127200,1,41.8910
5.128650,2,98.2340
5.130100,1,30.5780
5.131550,2,93.7030
5.133000,1,19.6250
5.134450,2,88.6250
5.135900,1,7.9840
5.137350,2,83.5940
5.138800,1,-3.6720
5.140250,2,78.0310
5.141700,1,-15.0310
5.143150,2,72.1720
5.144600,1,-26.8280
5.146050,2,65.6250
5.147500,1,-37.7660
5.148950,2,59.8130
5.150400,1,-49.2500
5.151850,2,53.6880
5.153300,1,-60.2660
5.154750,2,47.1410
5.156200,1,-71.2340
5.157650,2,40.3910
5.159100,1,-81.4690
5.160550,2,33.4690
5.162000,1,-92.0310
5.163450,2,26.3280
5.164900,1,-102.2970
5.166350,2,19.2970
5.167800,1,-111.7340
5.169250,2,12.0940
5.170700,1,-121.5940
5.172150,2,5.6720
5.173600,1,-130.8120
5.175050,2,-1.5000
5.176500,1,-139.7970
5.177950,2,-8.7340
5.179400,1,-147.8280
5.180850,2,-15.8280
5.182300,1,-155.4690
5.183750,2,-23.1090
5.185200,1,-162.8910
5.186650,2,-29.5940
5.188100,1,-170.0000
5.189550,2,-36.8750
5.191000,1,-176.1250
5.192450,2,-43.8120
5.193900,1,-181.9370
5.195350,2,-50.7660
5.196800,1,-187.6090
5.198250,2,-56.9690
5.199700,1,-192.4060
5.201150,2,-62.9530
5.202600,1,-196.3120
5.204050,2,-69.4370
5.205500,1,-199.3590
5.206950,2,-75.2660
5.208400,1,-201.9530
5.209850,2,-81.0310
5.211300,1,-205.1410
5.212750,2,-86.2190
5.214200,1,-206.8590
5.215650,2,-91.6090
5.217100,1,-207.2810
5.218550,2,-96.6410
5.220000,1,-207.7660
5.221450,2,-101.0620
5.222900,1,-207.3910
5.224350,2,-105.6410
5.225800,1,-206.7340
5.227250,2,-109.1870
5.228700,1,-205.1720
5.230150,2,-113.1560
5.231600,1,-203.3440
5.233050,2,-116.7970
5.234500,1,-200.4530
5.235950,2,-119.0780
5.237400,1,-197.1870
5.238850,2,-122.3750
5.240300,1,-192.9690
5.241750,2,-124.7970
5.243200,1,-189.0470
5.244650,2,-126.3280
5.246100,1,-183.9060
5.247550,2,-127.8590
5.249000,1,-177.9690
5.250450,2,-128.7500
5.251900,1,-171.6410
5.253350,2,-129.5160
5.254800,1,-164.9220
5.256250,2,-130.1410
5.257700,1,-157.6870
5.259150,2,-129.6870
5.260600,1,-150.5780
5.262050,2,-129.0310
5.263500,1,-142.1560
5.264950,2,-128.6090
5.266400,1,-133.3120
5.267850,2,-126.8910
5.269300,1,-124.6090
5.270750,2,-125.6560
5.272200,1,-115.0780
5.273650,2,-123.4690
5.275100,1,-105.6720
5.276550,2,-121.5940
5.278000,1,-95.3910
5.279450,2,-118.0470
5.280900,1,-84.6090
5.282350,2,-115.5620
5.283800,1,-74.0470
5.285250,2,-111.8280
5.286700,1,-63.4060
5.288150,2,-108.3440
5.289600,1,-52.6410
5.291050,2,-104.3440
5.292500,1,-41.9060
5.293950,2,-99.6720
5.295400,1,-29.7030
5.296850,2,-94.7340
5.298300,1,-18.3440
5.299750,2,-89.6870
5.301200,1,-7.0620
5.302650,2,-84.7340
5.304100,1,4.7970
5.305550,2,-79.2970
5.307000,1,15.6880
5.308450,2,-72.9690
5.309900,1,27.2970
5.311350,2,-67.1720
5.312800,1,38.9530
5.314250,2,-61.2190
5.315700,1,50.1090
5.317150,2,-54.4220
5.318600,1,61.3910
5.320050,2,-47.8440
5.321500,1,72.1250
5.322950,2,-42.1560
5.324400,1,82.4840
5.325850,2,-34.8120
5.327300,1,93.0160
5.328750,2,-27.7340
5.330200,1,103.2660
5.331650,2,-21.0620
5.333100,1,112.8280
5.334550,2,-12.9370
5.336000,1,122.9840
5.337450,2,-6.7340
5.338900,1,131.9380
5.340350,2,0.2970
5.341800,1,140.2660
5.343250,2,8.0000
5.344700,1,148.8750
5.346150,2,14.5630
5.347600,1,156.3280
5.349050,2,21.6410
5.350500,1,164.0940
5.351950,2,28.9220
5.353400,1,170.9840
5.354850,2,35.8440
5.356300,1,177.5940
5.357750,2,42.3130
5.359200,1,183.1410
5.360650,2,49.3750
5.362100,1,188.8750
5.363550,2,55.2500
5.365000,1,193.3910
5.366450,2,61.3130
5.367900,1,197.6880
5.369350,2,68.5780
5.370800,1,201.2340
5.372250,2,73.7660
5.373700,1,203.8590
5.375150,2,79.5310
5.376600,1,206.6880
5.378050,2,84.9220
5.379500,1,208.1560
5.380950,2,90.4220
5.382400,1,209.2340
5.383850,2,95.4380
5.385300,1,209.8440
5.386750,2,99.8910
5.388200,1,209.0630
5.389650,2,103.9380
5.391100,1,208.6090
5.392550,2,108.4060
5.394000,1,207.0780
5.395450,2,111.7500
5.396900,1,205.1410
5.398350,2,115.3590
5.399800,1,202.2340
5.401250,2,118.4690
5.402700,1,198.7660
5.404150,2,121.6880
5.405600,1,195.9840
5.407050,2,122.8130
5.408500,1,190.2660
5.409950,2,125.1090
5.411400,1,185.7190
5.412850,2,126.2970
5.414300,1,180.6560
5.415750,2,128.5310
5.417200,1,173.8590
5.418650,2,128.7810
5.420100,1,166.9060
5.421550,2,129.0310
5.423000,1,159.9220
5.424450,2,128.8440
5.425900,1,152.1090
5.427350,2,128.4380
5.428800,1,145.0470
5.430250,2,127.9840
5.431700,1,135.3910
5.433150,2,126.0000
5.434600,1,126.5310
5.436050,2,125.4530
5.437500,1,117.1090
5.438950,2,122.9060
5.440400,1,107.5160
5.441850,2,120.8910
5.443300,1,97.7190
5.444750,2,118.0940
5.446200,1,87.4530
5.447650,2,114.3440
5.449100,1,76.5310
5.450550,2,111.4530
5.452000,1,65.9220
5.453450,2,107.8750
5.454900,1,54.7190
5.456350,2,103.5000
5.457800,1,43.8280
5.459250,2,99.5000
5.460700,1,32.0940
5.462150,2,94.3750
5.463600,1,21.0000
5.465050,2,89.6090
5.466500,1,9.5160
5.467950,2,84.2660
5.469400,1,-2.0620
5.470850,2,78.5630
5.472300,1,-13.2030
5.473750,2,72.8590
5.475200,1,-24.8590
5.476650,2,67.1560
5.478100,1,-36.2500
5.479550,2,60.7500
5.481000,1,-47.6560
5.482450,2,54.7500
5.483900,1,-58.2660
5.485350,2,47.8910
5.486800,1,-69.7660
5.488250,2,41.0630
5.489700,1,-79.9060
5.491150,2,34.2340
5.492600,1,-90.8440
5.494050,2,27.1090
5.495500,1,-100.7190
5.496950,2,20.5630
5.498400,1,-111.1410
5.499850,2,13.5940
5.501300,1,-120.4220
5.502750,2,6.4690
5.504200,1,-129.5310
5.505650,2,-1.0780
5.507100,1,-137.7500
5.508550,2,-7.7190
5.510000,1,-146.5470
5.511450,2,-14.4690
5.512900,1,-154.3910
5.514350,2,-21.8440
5.515800,1,-162.0940
5.517250,2,-28.9840
5.518700,1,-168.5620
5.520150,2,-35.8120
5.521600,1,-175.0160
5.523050,2,-42.4530
5.524500,1,-181.5940
5.525950,2,-50.0470
5.527400,1,-186.6560
5.528850,2,-56.1410
5.530300,1,-191.4060
5.531750,2,-62.2810
5.533200,1,-195.7500
5.534650,2,-68.6250
5.536100,1,-199.5310
5.537550,2,-74.5310
5.539000,1,-202.0160
5.540450,2,-79.9370
5.541900,1,-204.4370
5.543350,2,-85.8910
5.544800,1,-206.7810
5.546250,2,-91.0310
5.547700,1,-207.5000
5.549150,2,-95.9690
5.550600,1,-207.4690
5.552050,2,-100.5000
5.553500,1,-208.0160
5.554950,2,-104.7970
5.556400,1,-207.6090
5.557850,2,-109.1410
5.559300,1,-205.7660
5.560750,2,-112.8280
5.562200,1,-203.4690
5.563650,2,-116.4220
5.565100,1,-201.1560
5.566550,2,-119.3910
5.568000,1,-197.6250
5.569450,2,-121.5620
5.570900,1,-193.7500
5.572350,2,-123.9370
5.573800,1,-189.3910
5.575250,2,-125.8590
5.576700,1,-184.3280
5.578150,2,-127.5780
5.579600,1,-179.0310
5.581050,2,-128.4370
5.582500,1,-172.5940
5.583950,2,-129.7810
5.585400,1,-166.2500
5.586850,2,-129.5160
5.588300,1,-158.8440
5.589750,2,-129.7660
5.591200,1,-151.3590
5.592650,2,-129.4060
5.594100,1,-143.2190
5.595550,2,-128.3440
5.597000,1,-134.8750
5.598450,2,-127.3590
5.599900,1,-125.8910
5.601350,2,-125.8440
5.602800,1,-116.1560
5.604250,2,-124.3750
5.605700,1,-106.9060
5.607150,2,-121.7660
5.608600,1,-96.7030
5.610050,2,-118.7030
5.611500,1,-86.6090
5.612950,2,-116.0160
5.614400,1,-75.2970
5.615850,2,-112.5620
5.617300,1,-64.8750
5.618750,2,-108.2190
5.620200,1,-54.2190
5.621650,2,-104.5470
5.623100,1,-43.5310
5.624550,2,-100.6250
5.626000,1,-31.2340
5.627450,2,-95.8440
5.628900,1,-20.2340
5.630350,2,-90.8120
5.631800,1,-8.8910
5.633250,2,-85.3910
5.634700,1,3.0000
5.636150,2,-80.1250
5.637600,1,13.9220
5.639050,2,-73.8590
5.640500,1,25.4220
5.641950,2,-68.3590
5.643400,1,36.8750
5.644850,2,-61.7190
5.646300,1,48.2030
5.647750,2,-55.5470
5.649200,1,59.1720
5.650650,2,-49.6560
5.652100,1,70.1090
5.653550,2,-41.8750
5.655000,1,80.6090
5.656450,2,-35.8750
5.657900,1,91.3750
5.659350,2,-29.0470
5.660800,1,101.7190
5.662250,2,-22.1090
5.663700,1,111.1720
5.665150,2,-14.8120
5.666600,1,120.8910
5.668050,2,-7.4220
5.669500,1,130.2340
5.670950,2,-0.8910
5.672400,1,139.2970
5.673850,2,6.9060
5.675300,1,147.3280
5.676750,2,13.6880
5.678200,1,155.5310
5.679650,2,21.0940
5.681100,1,163.0780
5.682550,2,27.7500
5.684000,1,170.4690
5.685450,2,34.2500
5.686900,1,176.5630
5.688350,2,41.6560
5.689800,1,182.4060
5.691250,2,48.3130
5.692700,1,187.3750
5.694150,2,54.8750
5.695600,1,192.8910
5.697050,2,60.8750
5.698500,1,197.0940
5.699950,2,67.1250
5.701400,1,200.3750
5.702850,2,73.0780
5.704300,1,203.7030
5.705750,2,79.3440
5.707200,1,206.5000
5.708650,2,84.3130
5.710100,1,207.8440
5.711550,2,89.7190
5.713000,1,208.9530
5.714450,2,94.2810
5.715900,1,209.7340
5.717350,2,99.5470
5.718800,1,209.3590
5.720250,2,103.1250
5.721700,1,209.0000
5.723150,2,108.0160
5.724600,1,207.3750
5.726050,2,111.6090
5.727500,1,205.3750
5.728950,2,114.7970
5.730400,1,202.9380
5.731850,2,117.9690
5.733300,1,199.4840
5.734750,2,121.0000
5.736200,1,195.6250
5.737650,2,123.2500
5.739100,1,191.4840
5.740550,2,124.8440
5.742000,1,186.6410
5.743450,2,126.5630
5.744900,1,181.3130
5.746350,2,127.6410
5.747800,1,174.7190
5.749250,2,128.4060
5.750700,1,168.1090
5.752150,2,128.5160
5.753600,1,161.2970
5.755050,2,128.4060
5.756500,1,153.4380
5.757950,2,128.7810
5.759400,1,145.6090
5.760850,2,127.7660
5.762300,1,137.1560
5.763750,2,126.8130
5.765200,1,128.0940
5.766650,2,125.2810
5.768100,1,118.6090
5.769550,2,123.0780
5.771000,1,109.1250
5.772450,2,120.9060
5.773900,1,99.1250
5.775350,2,118.4380
5.776800,1,89.0470
5.778250,2,115.1410
5.779700,1,77.9840
5.781150,2,111.6720
5.782600,1,67.2970
5.784050,2,108.4690
5.785500,1,56.5160
5.786950,2,104.1090
5.788400,1,45.1560
5.789850,2,99.8590
5.791300,1,34.2970
5.792750,2,95.2190
5.794200,1,22.9840
5.795650,2,90.5160
5.797100,1,11.3910
5.798550,2,85.3750
5.800000,1,-0.4690
5.801450,2,79.8750
5.802900,1,-11.9220
5.804350,2,73.8590
5.805800,1,-23.0780
5.807250,2,67.6250
5.808700,1,-34.6560
5.810150,2,61.6720
5.811600,1,-46.3590
5.813050,2,55.3440
5.814500,1,-56.7030
5.815950,2,49.0160
5.817400,1,-67.8750
5.818850,2,41.9690
5.820300,1,-78.5620
5.821750,2,35.3440
5.823200,1,-89.0940
5.824650,2,28.6880
5.826100,1,-99.3120
5.827550,2,21.8750
5.829000,1,-108.8280
5.830450,2,14.7030
5.831900,1,-119.2190
5.833350,2,7.3910
5.834800,1,-128.2810
5.836250,2,0.1880
5.837700,1,-137.2500
5.839150,2,-6.4060
5.840600,1,-144.7810
5.842050,2,-13.8750
5.843500,1,-153.1560
5.844950,2,-21.1870
5.846400,1,-160.3280
5.847850,2,-27.8280
5.849300,1,-167.8120
5.850750,2,-34.7030
5.852200,1,-174.4690
5.853650,2,-42.0470
5.855100,1,-180.7660
5.856550,2,-48.5780
5.858000,1,-185.8910
5.859450,2,-54.9220
5.860900,1,-190.6870
5.862350,2,-61.2030
5.863800,1,-194.8590
5.865250,2,-67.2030
5.866700,1,-198.9840
5.868150,2,-73.2030
5.869600,1,-201.7810
5.871050,2,-79.1870
5.872500,1,-204.2340
5.873950,2,-84.8120
5.875400,1,-206.0310
5.876850,2,-90.3750
5.878300,1,-207.5940
5.879750,2,-95.5000
5.881200,1,-208.1250
5.882650,2,-99.7810
5.884100,1,-207.5310
5.885550,2,-104.0940
5.887000,1,-207.3590
5.888450,2,-107.8120
5.889900,1,-205.8440
5.891350,2,-112.0620
5.892800,1,-204.0470
5.894250,2,-115.0160
5.895700,1,-201.3910
5.897150,2,-118.5310
5.898600,1,-198.7500
5.900050,2,-121.3440
5.901500,1,-194.2340
5.902950,2,-123.3590
5.904400,1,-190.4370
5.905850,2,-125.7810
5.907300,1,-185.1560
5.908750,2,-127.2970
5.910200,1,-179.8440
5.911650,2,-128.2970
5.913100,1,-173.5470
5.914550,2,-129.4220
5.916000,1,-167.2660
5.917450,2,-129.8280
5.918900,1,-160.0620
5.920350,2,-129.4220
5.921800,1,-152.7970
5.923250,2,-129.5780
5.924700,1,-144.2660
5.926150,2,-128.3910
5.927600,1,-136.2970
5.929050,2,-127.5620
5.930500,1,-126.8750
5.931950,2,-126.3910
5.933400,1,-117.7810
5.934850,2,-124.5470
5.936300,1,-107.9690
5.937750,2,-122.3750
5.939200,1,-97.8440
5.940650,2,-119.4840
5.942100,1,-88.0470
5.943550,2,-116.5000
5.945000,1,-77.4690
5.946450,2,-112.7810
5.947900,1,-66.9060
5.949350,2,-109.4220
5.950800,1,-55.7190
5.952250,2,-105.3280
5.953700,1,-44.6090
5.955150,2,-101.5780
5.956600,1,-33.5780
5.958050,2,-96.2340
5.959500,1,-22.0780
5.960950,2,-91.1410
5.962400,1,-10.6090
5.963850,2,-86.0780
5.965300,1,0.9220
5.966750,2,-81.1870
5.968200,1,12.2660
5.969650,2,-74.9530
5.971100,1,23.9840
5.972550,2,-68.9690
5.974000,1,35.7190
5.975450,2,-63.0620
5.976900,1,46.8130
5.978350,2,-56.3750
5.979800,1,58.0780
5.981250,2,-49.8120
5.982700,1,68.8750
5.984150,2,-43.7190
5.985600,1,79.7500
5.987050,2,-36.9840
5.988500,1,90.0160
5.989950,2,-29.8120
5.991400,1,99.9060
5.992850,2,-22.9060
5.994300,1,110.1090
5.995750,2,-15.7030
5.997200,1,119.2660
5.998650,2,-8.7660
6.000100,1,128.8590
6.001550,2,-1.5310
6.003000,1,137.4220
6.004450,2,5.5160
6.005900,1,146.0470
6.007350,2,12.4060
6.008800,1,154.3130
6.010250,2,19.3590
6.011700,1,161.7340
6.013150,2,26.8590
6.014600,1,169.1250
6.016050,2,33.9380
6.017500,1,175.7030
6.018950,2,40.5780
6.020400,1,181.3910
6.021850,2,46.9690
6.023300,1,187.0470
6.024750,2,53.9060
6.026200,1,191.6880
6.027650,2,59.7340
6.029100,1,196.0000
6.030550,2,66.2660
6.032000,1,200.0470
6.033450,2,72.7190
6.034900,1,203.4380
6.036350,2,78.0630
6.037800,1,205.5000
6.039250,2,83.5470
6.040700,1,207.5780
6.042150,2,89.4060
6.043600,1,208.6720
6.045050,2,93.6410
6.046500,1,209.4690
6.047950,2,98.6410
6.049400,1,209.2030
6.050850,2,103.1090
6.052300,1,208.5470
6.053750,2,107.7190
6.055200,1,207.4060
6.056650,2,110.9220
6.058100,1,205.4060
6.059550,2,114.4840
